Recency,NumDealsPurchases,NumWebPurchases,NumCatalogPurchases,NumStorePurchases,NumWebVisitsMonth,Tot_Expenses,Tot_Purchases,Age,Tot_children,Income
58,3,8,10,4,7,1617,25,67,0,58138.0
38,2,1,1,2,5,27,6,70,2,46344.0
26,1,8,2,10,4,776,21,59,0,71613.0
26,2,2,0,4,6,53,8,40,1,26646.0
94,5,5,3,6,5,422,19,43,1,58293.0
16,2,6,4,10,6,716,22,57,1,62513.0
34,4,7,3,7,6,590,21,53,1,55635.0
32,2,4,0,4,8,169,10,39,1,33454.0
19,1,3,0,2,9,46,6,50,1,30351.0
68,1,1,0,0,20,49,2,74,2,5648.0
11,1,1,0,2,7,19,4,41,1,52350.90044356826
59,1,2,0,3,8,61,6,48,0,7500.0
82,1,3,4,8,2,1102,16,65,0,63033.0
53,3,6,1,5,6,310,15,72,2,59354.0
38,1,1,0,3,8,46,5,37,0,17323.0
23,1,7,6,12,3,1315,26,78,0,82800.0
51,3,3,0,3,8,96,9,44,2,41850.0
20,2,4,1,6,7,317,13,78,0,37760.0
91,2,11,4,9,5,1782,26,75,1,76995.0
86,2,2,1,3,6,133,8,39,1,33812.0
41,1,4,2,5,8,316,12,42,0,37040.0
42,15,0,28,0,1,1730,43,45,1,2447.0
63,3,2,3,9,8,972,17,75,1,58607.0
0,3,6,2,9,4,544,20,70,1,65324.0
69,7,7,1,5,8,444,20,73,1,40689.0
89,2,2,1,3,7,75,8,55,0,18589.0
4,4,5,1,4,7,257,14,48,2,53359.0
19,0,27,0,0,1,637,27,38,1,52350.90044356826
26,2,2,1,4,3,131,9,35,1,38360.0
96,1,6,9,10,2,1672,26,59,0,84618.0
34,2,3,0,3,5,30,8,35,0,10979.0
56,1,2,5,3,3,318,11,61,0,38620.0
31,2,2,1,4,5,120,9,54,1,40548.0
8,6,4,1,6,6,302,17,72,2,46610.0
4,1,3,5,9,7,1196,18,78,0,68657.0
55,1,2,0,3,7,65,6,73,2,49389.0
37,5,5,6,12,2,913,28,54,1,67353.0
76,3,3,1,2,7,81,9,48,1,23718.0
99,2,1,1,3,5,67,7,51,1,42429.0
53,2,7,10,5,6,902,24,81,0,48948.0
3,2,8,6,5,4,1395,21,44,1,80011.0
88,2,2,0,3,8,53,7,39,1,20559.0
4,1,0,0,3,5,22,4,67,1,21994.0
80,1,1,3,4,2,186,9,65,0,52350.90044356826
19,3,2,0,3,5,31,8,49,1,7500.0
72,1,2,4,9,1,984,16,48,0,79941.0
24,3,3,1,3,9,122,10,28,0,7500.0
92,1,2,0,2,10,55,5,56,1,41728.0
96,3,2,1,4,6,124,10,73,3,52350.90044356826
39,9,5,2,12,8,1319,28,70,2,72550.0
29,1,4,2,10,2,507,17,67,1,65486.0
2,1,6,9,13,3,1693,29,60,0,79143.0
54,2,2,0,3,7,72,7,47,1,35790.0
54,1,4,9,7,1,1617,21,47,0,82582.0
57,7,4,2,10,3,606,23,46,2,66373.0
55,1,3,10,13,1,1957,27,69,0,82384.0
30,1,5,5,10,3,1093,21,58,0,70287.0
31,1,1,0,4,3,29,6,36,1,27938.0
57,2,2,0,3,6,46,7,42,1,52350.90044356826
63,3,8,2,6,7,518,19,56,1,55954.0
12,1,3,6,11,1,1438,21,42,0,75777.0
18,4,4,2,12,3,612,22,49,2,66653.0
26,4,8,2,10,7,884,24,72,1,61823.0
8,1,7,3,8,5,606,19,73,1,67680.0
29,1,7,4,4,4,1076,16,76,0,70666.0
75,1,1,1,2,7,34,5,53,1,25721.0
0,1,1,0,2,7,11,4,57,2,32474.0
19,1,11,10,10,5,1274,32,45,1,88194.0
4,1,5,2,10,4,653,18,66,1,69096.0
90,7,2,5,5,5,1562,19,54,3,74854.0
1,3,4,8,6,3,1253,21,70,0,66991.0
25,3,3,0,3,8,109,9,51,1,52350.90044356826
29,4,10,3,13,7,863,30,65,1,65031.0
88,5,9,2,8,7,661,24,49,2,60631.0
58,1,2,1,4,2,65,8,72,0,28332.0
68,1,1,0,2,6,13,4,47,1,40246.0
34,1,7,6,5,5,1890,19,52,0,75251.0
40,0,5,8,9,4,2209,22,48,0,75825.0
12,1,0,0,3,3,18,4,48,0,26326.0
9,2,10,1,8,8,692,21,59,0,56046.0
87,4,3,1,4,8,165,12,39,1,29760.0
5,1,1,0,2,7,16,4,55,1,26304.0
87,3,3,0,3,7,79,9,51,1,23559.0
18,1,3,10,13,1,778,27,37,0,81361.0
95,2,1,0,4,7,56,7,64,2,29440.0
48,5,3,1,4,7,151,13,54,2,36138.0
3,4,6,1,6,7,372,17,67,1,50388.0
70,1,5,6,7,2,1366,19,51,0,79593.0
79,1,2,2,5,2,194,10,57,1,54178.0
4,12,7,2,8,9,603,29,67,3,52350.90044356826
45,1,1,0,2,7,18,4,67,2,52350.90044356826
87,1,2,4,8,1,985,15,51,0,52350.90044356826
69,1,1,0,3,7,32,5,52,1,42394.0
84,3,3,1,3,5,43,10,54,1,23626.0
30,1,2,0,3,6,45,6,41,1,30096.0
72,5,7,4,6,6,606,22,64,1,47916.0
37,2,2,0,3,7,63,7,52,2,51813.0
44,1,5,7,12,2,978,25,73,0,78497.0
32,2,5,2,7,5,410,16,41,0,50150.0
0,2,2,0,3,8,72,7,64,1,47823.0
43,2,2,0,3,6,55,7,65,1,34554.0
59,2,9,5,11,5,1169,27,45,1,85693.0
68,1,6,3,6,4,1120,16,79,0,65846.0
35,1,3,11,5,1,1097,20,65,0,87195.0
94,1,1,0,3,5,29,5,45,1,24594.0
15,4,4,1,4,7,187,13,60,2,49096.0
56,4,6,4,12,6,910,26,55,2,52413.0
17,2,3,1,3,7,145,9,46,1,38557.0
18,1,5,4,4,2,850,14,64,0,89058.0
46,1,6,6,11,3,969,24,45,1,77298.0
40,1,7,4,5,9,1820,17,33,0,68126.0
27,3,8,1,8,6,608,20,61,1,57288.0
95,1,6,7,11,3,730,25,33,0,86037.0
19,5,6,4,6,7,551,21,44,1,43974.0
27,2,2,1,3,6,114,8,62,2,50785.0
25,0,4,6,5,1,1724,15,54,0,90765.0
74,5,9,1,5,9,577,20,46,1,36550.0
85,2,1,1,3,5,81,7,57,2,30753.0
37,2,2,0,3,6,33,7,55,1,21918.0
65,4,6,2,10,4,660,22,71,1,56129.0
13,3,2,1,3,5,80,9,57,1,32557.0
63,2,1,0,3,7,30,6,39,2,19510.0
83,1,1,0,3,7,43,5,48,1,30992.0
69,0,6,8,13,2,1135,27,41,0,101970.0
87,2,3,4,7,1,559,16,59,0,71488.0
37,1,3,6,6,1,1923,16,40,0,79607.0
51,2,2,0,4,6,90,8,71,2,54348.0
23,3,6,1,7,6,404,17,63,1,52350.90044356826
72,4,6,3,10,4,661,23,68,2,77376.0
10,5,5,4,5,5,463,19,72,1,62998.0
42,5,11,1,6,8,632,23,66,2,61331.0
10,1,7,2,9,4,725,19,55,0,73448.0
96,1,6,5,7,4,725,19,61,1,52350.90044356826
51,5,5,1,5,8,279,16,60,2,41551.0
21,1,4,5,13,3,1482,23,57,0,62981.0
31,2,1,0,3,8,29,6,48,1,9548.0
61,3,2,2,2,8,106,9,65,3,33762.0
37,2,1,1,2,5,49,6,51,2,35860.0
74,2,2,0,3,7,38,7,59,2,36921.0
46,1,5,4,12,2,2077,22,32,0,92859.0
4,2,3,5,7,7,1053,17,48,1,65104.0
73,1,5,7,10,2,1385,23,62,0,86111.0
47,3,8,5,9,6,871,25,50,1,68352.0
13,3,4,2,3,7,312,12,36,1,41883.0
36,3,3,3,6,8,877,15,48,2,59809.0
47,1,2,0,3,6,68,6,49,1,23957.0
49,1,1,0,2,8,22,4,43,1,38547.0
94,7,4,1,4,8,211,16,51,3,35688.0
65,1,2,1,4,3,127,8,58,0,49605.0
59,1,4,4,7,3,459,16,71,2,59354.0
96,4,8,1,6,6,460,19,55,1,65747.0
28,4,7,1,5,7,429,17,52,1,46344.0
12,4,3,0,4,6,89,11,36,1,34176.0
57,2,8,5,11,5,1021,26,72,1,61010.0
10,1,10,4,6,4,1381,21,75,0,69372.0
4,3,6,1,5,7,306,15,66,1,49967.0
49,1,0,0,3,4,18,4,46,3,60199.0
3,1,1,1,6,2,162,9,47,1,55375.0
64,1,3,4,10,1,1231,18,69,0,80317.0
0,1,1,0,2,7,13,4,66,3,30523.0
20,2,10,6,9,6,1706,27,79,0,70356.0
91,4,3,0,4,8,121,11,40,1,23228.0
9,1,5,4,10,2,1293,20,49,0,74165.0
98,15,0,22,0,0,1608,37,51,1,157243.0
83,3,2,0,4,6,88,9,58,3,43482.0
27,1,6,7,4,3,421,18,71,0,62551.0
63,1,3,2,6,4,259,12,65,0,52332.0
46,1,3,4,7,1,1117,15,36,0,66951.0
84,3,2,1,3,5,89,9,67,2,26091.0
58,2,1,0,3,7,36,6,59,2,33456.0
78,2,2,0,3,8,57,7,42,1,28718.0
4,1,3,1,3,6,148,8,54,2,50447.0
17,2,2,1,3,5,93,8,65,2,53537.0
77,1,2,2,2,4,119,7,57,1,52074.0
56,1,11,8,8,5,1835,28,49,1,80427.0
79,1,9,10,5,4,1318,25,76,0,83837.0
90,2,2,0,3,7,45,7,54,2,38853.0
96,1,0,0,3,2,10,4,65,3,38285.0
81,1,4,1,4,5,191,10,48,1,51650.0
77,3,2,1,3,6,57,9,36,1,16248.0
21,1,6,4,13,2,1033,24,78,0,66835.0
16,1,1,1,3,6,66,6,40,1,30477.0
80,1,2,0,3,6,43,6,63,0,28249.0
45,1,1,1,2,9,50,5,41,1,25271.0
63,2,1,0,4,5,39,7,54,1,32303.0
34,2,7,1,8,5,608,18,58,1,61286.0
14,1,4,10,9,2,1581,24,48,0,74068.0
13,2,2,0,3,7,68,7,60,2,45759.0
52,1,1,1,2,6,80,5,46,1,24882.0
98,1,8,7,12,3,1282,28,35,0,66973.0
99,1,2,1,2,5,65,6,81,1,36640.0
93,2,3,0,3,8,91,8,36,1,38872.0
38,4,5,1,6,6,315,16,51,2,51148.0
24,2,1,1,2,8,31,6,47,2,31353.0
80,1,7,3,12,3,834,23,44,0,69661.0
82,1,4,6,6,2,1600,17,70,0,80067.0
20,1,5,6,5,2,1270,17,70,0,86718.0
81,6,5,1,3,8,263,15,51,2,46854.0
50,3,8,1,7,5,535,19,72,1,69142.0
60,1,4,4,9,1,1295,18,56,0,75922.0
63,3,11,6,9,6,1150,29,46,1,63693.0
54,0,7,9,10,4,1240,26,47,0,102160.0
72,2,1,0,3,7,38,6,59,2,40637.0
5,1,0,1,2,6,35,4,40,0,18890.0
88,1,1,0,3,9,53,5,36,1,29604.0
50,6,4,2,5,6,293,17,61,2,48721.0
99,1,2,0,3,6,65,6,58,1,44794.0
17,5,11,4,9,8,1804,29,70,1,64497.0
11,5,3,1,6,4,241,15,68,1,46097.0
18,1,4,6,9,1,1101,20,70,0,77972.0
70,8,5,1,5,8,264,19,56,2,44377.0
21,10,7,1,8,7,541,26,50,2,46014.0
66,1,3,4,9,1,1198,17,39,0,70951.0
79,6,8,1,5,8,482,20,47,1,41443.0
2,1,1,0,2,8,17,4,46,3,52195.0
81,1,8,10,6,3,1615,25,76,0,83790.0
24,2,4,1,5,7,285,12,70,1,44551.0
48,2,11,4,11,6,1135,28,44,1,69508.0
93,1,1,1,4,3,114,7,36,1,45204.0
56,1,3,5,7,1,1047,16,55,0,72460.0
3,2,6,3,11,3,714,22,54,2,77622.0
44,4,4,1,4,8,185,13,44,1,30732.0
38,5,9,6,12,6,1245,32,62,1,63887.0
46,4,3,1,4,8,189,12,46,1,42011.0
84,2,8,2,4,8,576,16,48,1,51369.0
27,3,2,2,11,8,1103,18,72,1,51537.0
72,1,3,5,8,2,1753,17,52,0,79930.0
66,1,1,0,2,8,17,4,38,1,34320.0
30,9,5,1,8,7,433,23,58,2,37070.0
2,1,6,3,4,7,1588,14,62,1,81975.0
65,1,1,0,2,8,22,4,53,1,38590.0
37,1,1,0,3,3,19,5,73,0,15033.0
89,3,7,8,11,5,1117,29,59,1,62745.0
49,2,2,0,4,6,69,8,49,1,22212.0
46,1,1,0,3,7,23,5,42,1,23661.0
32,1,5,2,11,3,605,19,66,1,79761.0
54,4,3,1,3,7,57,11,51,1,7500.0
23,1,1,0,2,4,22,4,81,1,60182.0
98,1,6,5,10,3,2088,22,56,0,73455.0
97,2,6,4,4,3,1009,16,66,1,64961.0
75,1,2,0,2,9,26,5,53,1,22804.0
8,1,3,9,9,2,1627,22,34,0,73687.0
37,7,11,5,8,7,1102,31,66,1,61074.0
31,2,1,0,3,6,17,6,60,2,31686.0
40,2,5,3,6,6,1690,16,52,1,80134.0
74,2,9,4,6,5,1390,21,71,1,75027.0
90,1,4,10,5,3,2126,20,36,0,67546.0
57,4,9,6,6,6,1531,25,55,1,65176.0
59,2,2,0,3,8,64,7,49,1,31160.0
52,2,1,0,3,6,26,6,39,1,29938.0
5,1,6,9,13,2,1112,29,50,0,102692.0
92,2,3,1,5,6,210,11,66,0,26490.0
77,5,4,6,11,8,1148,26,57,2,75702.0
35,2,1,0,3,6,33,6,50,1,30899.0
48,3,8,3,5,6,1101,19,63,1,63342.0
97,4,3,2,7,3,322,16,60,1,45989.0
95,4,2,0,4,5,44,10,60,2,18701.0
24,1,1,0,2,8,17,4,67,3,40737.0
60,2,1,1,2,7,31,6,45,1,15287.0
46,3,10,2,10,5,845,25,56,2,69674.0
85,4,4,1,6,5,275,15,54,1,44159.0
31,1,1,0,2,9,25,4,46,1,37717.0
9,6,5,2,4,8,275,17,72,2,43776.0
30,4,3,1,3,7,90,11,58,2,38179.0
47,1,3,7,8,1,1495,19,61,0,80124.0
70,4,3,2,2,7,184,11,54,2,38097.0
13,1,3,3,6,1,981,13,54,0,72940.0
11,2,2,2,2,6,67,8,54,1,22070.0
31,2,3,4,5,7,1635,14,71,0,69267.0
15,3,3,0,4,5,60,10,41,1,31788.0
2,2,4,2,4,5,231,12,49,1,61905.0
55,4,2,0,4,6,48,10,64,2,29315.0
38,3,2,0,4,7,99,9,61,2,33378.0
86,2,6,3,12,4,770,23,61,1,66313.0
56,2,7,4,10,5,957,23,68,0,60714.0
29,1,3,3,5,1,818,12,43,0,77882.0
30,1,3,5,8,1,925,17,38,0,69867.0
64,1,9,3,9,6,908,22,56,1,63841.0
46,3,3,0,4,7,102,10,43,1,24480.0
74,1,5,1,8,2,461,15,50,1,65640.0
18,2,2,0,3,5,37,7,49,2,44319.0
75,1,3,1,2,7,70,7,50,1,30631.0
17,1,6,3,13,3,930,23,72,0,75278.0
88,13,6,2,12,5,859,33,68,2,50898.0
19,1,5,11,5,3,1478,22,58,0,79946.0
62,3,7,1,5,8,390,16,75,0,35416.0
11,1,1,0,3,7,52,5,40,0,32414.0
74,3,3,1,3,7,137,10,55,1,38361.0
32,1,2,7,9,4,1919,19,44,0,82497.0
76,3,3,0,3,9,68,9,53,2,16626.0
6,1,0,0,3,6,25,4,59,2,29672.0
62,3,3,6,11,8,1374,23,72,1,55951.0
20,1,1,0,3,7,32,5,36,1,35388.0
43,1,3,0,3,8,100,7,38,1,42386.0
45,1,2,3,6,1,825,12,42,0,68627.0
34,5,8,3,12,5,916,28,59,1,57912.0
53,4,3,1,3,5,62,11,66,2,35246.0
44,1,9,2,9,6,728,21,68,1,58821.0
89,1,2,1,3,4,90,7,46,1,46377.0
43,3,5,1,4,8,273,13,36,1,39747.0
68,3,3,1,3,7,66,10,40,1,23976.0
44,1,6,7,9,2,1213,23,63,0,80950.0
64,1,3,0,3,9,107,7,58,0,27038.0
85,1,2,5,10,1,1157,18,77,0,77457.0
93,1,8,3,6,7,546,18,60,1,64100.0
12,1,4,2,4,4,241,11,32,0,42670.0
86,4,3,1,3,6,53,11,48,1,12571.0
28,2,2,0,3,7,37,7,57,3,22574.0
69,1,6,5,12,3,1611,24,35,0,52350.90044356826
42,1,6,6,10,3,1508,23,48,0,70893.0
13,6,3,1,6,4,235,16,58,2,54198.0
86,2,2,0,3,5,32,7,68,2,28839.0
59,2,3,0,3,7,102,8,52,2,40321.0
30,2,4,3,6,3,401,15,39,1,66503.0
33,2,1,0,3,5,28,6,73,2,30833.0
67,6,2,3,10,7,1052,21,54,3,52350.90044356826
23,3,3,3,12,2,680,21,53,1,64795.0
81,1,1,0,2,7,30,4,50,1,34421.0
6,1,1,0,2,7,20,4,59,2,47025.0
41,5,10,3,5,7,1307,23,63,1,64325.0
78,6,8,2,8,8,630,24,71,1,40464.0
49,1,4,8,5,3,1283,18,67,0,62187.0
39,3,2,0,4,8,65,9,48,1,14849.0
3,1,1,0,3,7,37,5,40,1,27255.0
37,1,1,0,3,4,38,5,74,3,54432.0
22,4,3,1,4,8,160,12,38,1,29999.0
79,1,1,0,2,8,23,4,41,1,24072.0
46,1,1,1,3,4,71,6,35,0,33996.0
82,2,9,3,5,5,1161,19,68,1,66334.0
10,1,1,1,2,7,59,5,53,1,35178.0
51,2,2,0,3,8,33,7,41,1,22010.0
38,1,4,5,12,3,946,22,64,2,62204.0
10,1,11,4,6,4,1442,22,56,0,75693.0
14,1,1,0,3,8,62,5,52,1,30675.0
18,1,7,6,8,3,1674,22,59,0,83003.0
36,1,4,6,4,1,1853,15,81,0,83532.0
95,1,4,5,11,3,1538,21,36,0,68655.0
11,1,2,1,4,6,139,8,38,0,41411.0
65,3,4,2,11,8,1182,20,55,1,55212.0
71,2,3,5,8,3,507,18,74,1,59292.0
13,1,1,0,2,8,18,4,51,1,27190.0
58,1,2,9,4,1,940,16,72,0,82623.0
65,2,1,0,3,6,42,6,59,2,44300.0
0,1,4,4,6,1,1190,15,54,0,84835.0
33,3,2,0,3,7,44,8,53,2,30372.0
90,1,1,0,2,6,16,4,48,1,33181.0
95,4,6,7,9,4,835,26,67,1,71113.0
93,2,8,4,8,4,1443,22,38,1,71952.0
38,3,4,6,5,3,1029,18,58,0,69759.0
18,1,3,4,10,1,1188,18,50,0,72099.0
57,5,11,3,5,6,1277,24,48,1,60000.0
45,2,2,0,3,7,49,7,46,2,38643.0
61,1,2,0,4,6,99,7,69,1,50737.0
6,1,3,3,8,1,1670,15,55,0,68462.0
65,1,5,3,5,2,900,14,81,0,65073.0
52,2,4,6,4,5,425,16,76,2,46681.0
87,1,4,7,10,2,2153,22,67,0,78618.0
38,3,6,2,10,4,636,21,55,1,62187.0
53,3,2,1,4,4,57,10,46,2,28442.0
67,7,6,3,6,7,494,22,57,2,51479.0
65,2,6,2,9,4,693,19,55,1,54803.0
64,1,4,10,11,2,1348,26,64,0,79530.0
82,2,2,0,3,7,51,7,48,1,31615.0
27,1,4,3,8,3,1932,16,62,0,72025.0
63,2,2,4,8,8,990,16,49,1,52614.0
66,1,1,0,3,6,30,5,40,1,35684.0
69,6,5,1,4,8,254,16,49,2,48178.0
52,1,1,1,2,4,29,5,54,1,29548.0
45,4,4,3,12,8,1371,23,58,1,63810.0
2,3,3,0,3,8,73,9,52,2,38578.0
86,4,3,2,2,8,120,11,49,2,46098.0
23,1,1,1,2,9,81,5,54,0,22585.0
13,1,1,0,3,8,37,5,35,1,30279.0
14,2,3,5,10,6,1377,20,63,1,66426.0
92,1,1,0,3,7,51,5,55,1,30822.0
38,1,1,0,2,8,17,4,55,2,33581.0
74,1,0,0,3,7,22,4,39,1,19986.0
14,3,4,1,6,7,324,14,70,0,27421.0
33,1,0,1,2,3,19,4,43,1,36143.0
32,3,1,2,2,5,41,8,53,1,10245.0
11,3,7,3,4,7,492,17,56,1,43795.0
78,4,4,5,13,2,1005,26,64,1,63381.0
56,1,2,1,3,6,114,7,75,1,38823.0
57,3,2,2,12,5,1173,19,56,2,83664.0
7,0,5,6,8,1,1738,19,45,0,90300.0
0,2,3,1,6,4,222,12,45,1,62499.0
66,1,5,4,6,2,1127,16,31,0,74293.0
86,1,4,1,4,6,209,10,78,0,51012.0
80,3,5,3,12,3,787,23,56,1,70777.0
56,1,4,9,10,2,1598,24,33,0,68682.0
18,4,3,1,4,8,186,12,53,2,43824.0
51,2,1,1,2,8,47,6,40,1,15345.0
71,1,1,0,3,7,27,5,37,1,23442.0
71,4,2,2,3,7,96,11,44,1,14515.0
80,4,2,1,3,6,64,10,68,2,31395.0
2,1,9,4,9,5,1040,23,59,0,75276.0
83,5,2,1,5,5,163,13,50,2,42373.0
29,1,5,1,4,7,343,11,64,0,30507.0
11,9,6,3,6,7,446,24,69,3,55521.0
55,1,1,0,3,6,41,5,59,2,48006.0
19,3,2,0,4,8,70,9,52,1,27213.0
1,3,5,1,5,6,272,14,53,2,65808.0
19,1,3,0,2,9,46,6,50,1,30351.0
28,3,7,1,8,7,490,19,61,2,50437.0
76,2,3,0,3,8,79,8,42,1,23616.0
50,4,4,3,6,4,915,17,48,1,53858.0
1,3,11,9,12,6,1485,35,69,1,66465.0
90,3,5,1,7,7,369,16,37,1,46923.0
83,2,5,4,8,3,1073,19,62,1,75072.0
73,1,3,5,10,1,1242,19,81,0,75865.0
24,3,2,1,3,5,78,9,49,1,19789.0
11,1,2,7,11,5,1378,21,30,0,80134.0
33,1,7,9,9,3,1474,26,43,0,91065.0
4,9,10,2,8,8,751,29,53,2,49505.0
14,2,2,0,3,7,48,7,51,1,37401.0
75,1,1,0,2,8,10,4,42,1,18492.0
26,1,3,4,8,1,1435,16,50,0,82584.0
77,0,7,10,5,2,2119,22,81,0,93027.0
8,1,1,0,2,8,20,4,71,3,48686.0
42,1,6,7,13,1,1795,27,38,0,92910.0
28,2,2,5,10,6,1188,19,35,1,75433.0
52,2,1,0,4,5,43,7,35,1,10404.0
1,2,5,5,12,3,1008,24,56,1,61314.0
1,1,2,4,9,4,1688,16,63,0,84865.0
42,5,8,1,7,8,684,21,35,1,42387.0
76,15,9,6,9,7,1082,39,57,2,67309.0
27,1,8,3,13,4,1068,25,60,1,75236.0
28,2,1,0,4,5,57,7,54,1,30015.0
49,1,1,0,3,5,46,5,68,1,50943.0
12,3,6,2,12,5,733,23,58,1,67272.0
14,2,9,1,5,8,467,17,75,1,51529.0
89,3,2,1,4,7,122,10,53,1,32011.0
96,2,2,0,3,8,36,7,38,1,7500.0
56,1,1,0,3,8,34,5,35,1,28691.0
72,2,2,1,5,4,156,10,76,1,56223.0
14,1,0,0,3,5,14,4,78,0,18100.0
99,1,1,0,3,8,34,5,50,0,20130.0
72,1,1,0,2,8,20,4,65,0,23295.0
92,2,5,0,4,8,192,11,52,1,42618.0
87,1,4,5,7,1,1379,17,60,0,81246.0
7,2,2,0,3,8,48,7,48,1,24027.0
91,2,3,2,9,3,428,16,71,1,55707.0
71,5,4,7,11,3,868,27,69,1,57959.0
24,3,8,9,7,7,1001,27,55,1,56796.0
17,1,2,0,4,5,59,7,53,1,36230.0
87,2,4,2,8,3,431,16,44,2,70829.0
21,3,9,5,10,7,971,27,48,1,65991.0
90,7,5,1,6,8,348,19,52,3,38988.0
44,1,7,7,9,4,2059,24,58,0,89572.0
71,4,4,1,5,6,265,14,40,1,42207.0
52,2,2,1,8,2,270,13,72,1,50300.0
78,1,5,7,6,3,1289,19,42,0,66664.0
2,4,2,2,8,7,893,16,60,1,60597.0
60,1,3,7,11,1,926,22,75,0,70165.0
25,2,3,1,3,6,135,9,66,1,50520.0
46,2,4,0,3,7,120,9,49,1,33183.0
83,1,2,8,9,1,1288,20,55,0,66582.0
17,1,5,6,5,2,1743,17,69,0,75261.0
13,1,1,0,2,8,15,4,54,1,31880.0
86,3,7,2,8,6,542,20,73,2,53790.0
92,3,7,3,12,7,890,25,53,1,49269.0
47,4,6,10,13,4,1388,33,49,1,61456.0
18,1,1,0,2,8,17,4,44,1,37406.0
81,7,8,6,9,6,906,30,43,1,56937.0
91,2,1,0,3,7,44,6,46,2,38415.0
58,1,1,1,2,5,25,5,36,1,20518.0
40,4,8,3,11,5,973,26,68,1,62503.0
67,2,1,0,3,3,31,6,52,2,41644.0
19,1,7,1,8,5,518,17,47,1,55842.0
93,4,6,2,7,5,530,19,52,1,62010.0
41,7,7,3,4,8,506,21,47,1,41124.0
60,1,2,1,2,7,70,6,51,1,38961.0
54,1,2,0,3,6,54,6,52,1,37760.0
26,2,6,2,2,9,296,12,50,1,32233.0
30,4,4,2,5,5,266,15,49,1,43057.0
93,1,5,9,4,3,747,19,64,0,83151.0
35,1,5,10,13,3,895,29,60,0,78825.0
4,2,3,5,7,7,1053,17,48,1,65104.0
92,2,7,2,10,6,735,21,50,1,60093.0
24,1,1,0,3,7,20,5,55,1,14045.0
96,1,4,1,4,8,205,10,72,0,28457.0
11,2,2,5,12,6,2092,21,66,1,78952.0
99,2,6,1,5,8,309,14,48,1,46310.0
72,1,3,5,13,6,1722,22,69,0,76005.0
77,4,2,6,3,8,900,15,60,1,58308.0
85,1,9,4,6,7,682,20,80,0,55614.0
88,3,5,3,11,5,663,22,62,1,59432.0
22,1,2,0,3,3,43,6,46,1,55563.0
83,1,4,9,4,6,1816,18,53,1,78642.0
63,3,6,7,11,3,976,27,75,1,67911.0
9,1,4,3,13,2,746,21,80,0,65275.0
92,2,1,1,2,8,64,6,74,2,27203.0
2,1,1,0,3,5,32,5,63,1,48330.0
6,1,4,1,3,8,263,9,34,0,24279.0
66,2,4,3,12,8,1445,21,39,1,64355.0
29,2,10,4,12,6,1210,28,71,0,53653.0
77,1,5,10,8,3,945,24,48,1,65665.0
77,1,3,7,11,1,1157,22,35,0,81217.0
71,1,2,1,4,7,137,8,32,0,34935.0
49,6,5,2,12,5,730,25,65,1,61250.0
97,3,4,2,3,7,216,12,43,1,39665.0
6,1,6,4,12,3,943,23,45,1,60152.0
93,3,6,2,5,7,347,16,60,2,48920.0
78,1,5,6,7,1,1924,19,65,0,89120.0
62,4,6,2,5,8,397,17,78,1,44124.0
47,1,5,7,9,2,2089,22,49,0,81169.0
9,4,3,1,3,8,138,11,63,2,36443.0
77,1,1,0,3,7,42,5,34,1,26095.0
24,1,4,5,7,2,777,17,65,0,71367.0
19,1,6,3,10,3,1902,20,80,0,80184.0
67,2,2,0,3,7,52,7,59,2,30630.0
95,1,2,4,6,5,1651,13,37,0,73454.0
48,1,5,1,6,5,358,13,33,0,42691.0
73,1,2,4,9,6,1727,16,71,0,70503.0
35,3,2,2,3,6,210,10,37,1,25545.0
76,1,1,0,3,8,42,5,38,1,32880.0
20,1,4,5,10,2,1291,20,66,0,77863.0
72,1,4,4,6,3,442,15,47,0,50353.0
20,1,4,8,4,8,1895,17,60,0,61839.0
69,6,4,1,8,6,411,19,64,2,49154.0
80,4,4,3,8,5,521,19,49,1,47682.0
65,1,4,7,5,1,1168,17,55,1,72679.0
52,7,8,2,6,7,493,23,47,2,57954.0
65,2,3,2,5,4,260,12,62,2,65316.0
57,2,2,0,3,6,46,7,42,1,28567.0
70,4,6,1,5,7,319,16,73,1,47352.0
0,1,2,1,3,5,96,7,57,1,44931.0
19,1,8,3,4,4,1062,16,57,0,76982.0
50,2,2,1,7,2,232,12,72,1,57247.0
67,3,3,0,3,7,76,9,43,1,22944.0
46,3,3,0,3,8,54,9,47,1,25315.0
37,2,4,1,4,7,201,11,55,1,43638.0
38,2,4,5,3,6,406,14,40,1,42710.0
9,1,7,6,6,3,1919,20,42,0,84169.0
56,2,4,6,8,3,662,20,48,1,54058.0
98,2,2,0,4,5,41,8,34,1,24683.0
68,1,3,6,4,1,1600,14,60,0,85620.0
72,1,3,0,4,6,134,8,44,1,47850.0
47,4,3,1,2,8,69,10,56,2,19514.0
33,2,1,0,3,6,21,6,51,2,27159.0
87,2,1,1,3,3,54,7,61,2,39548.0
0,2,3,1,2,7,91,8,35,1,21474.0
73,2,6,2,8,6,526,18,53,1,60504.0
74,1,3,2,2,8,162,8,61,0,22419.0
4,1,3,8,13,1,1008,25,75,0,81698.0
50,6,4,1,5,8,240,16,72,2,43462.0
57,2,6,2,11,5,795,21,46,1,54880.0
30,1,5,6,7,2,1772,19,42,0,79908.0
27,2,2,0,4,5,64,8,54,0,15315.0
61,1,5,10,4,6,1957,20,65,1,87771.0
4,1,2,0,4,5,78,7,46,1,33039.0
75,0,6,6,7,2,1572,19,44,0,81741.0
12,2,8,3,13,4,795,26,53,1,71499.0
13,5,6,3,12,4,889,26,54,1,62466.0
9,3,3,2,7,3,331,15,61,1,48799.0
48,2,3,2,5,4,265,12,74,1,52157.0
80,4,4,2,9,8,1065,19,62,1,66565.0
60,1,1,0,2,5,11,4,73,2,29298.0
43,1,1,0,2,6,21,4,45,1,47691.0
19,1,1,0,2,7,17,4,54,2,38200.0
26,5,5,1,5,6,369,16,50,1,44989.0
58,2,1,0,3,7,38,6,56,2,38443.0
42,3,4,1,3,8,177,11,46,1,38593.0
27,1,5,1,5,5,279,12,54,1,64413.0
56,2,2,0,3,8,62,7,43,1,36959.0
27,3,6,4,8,5,1230,21,47,1,61996.0
10,3,4,1,3,7,182,11,56,2,51287.0
48,4,3,0,3,8,49,10,54,2,13260.0
39,2,2,0,4,5,75,8,58,2,47472.0
85,6,4,2,4,7,227,16,68,2,54603.0
64,5,3,1,6,6,215,15,50,2,45207.0
54,1,1,0,3,8,47,5,57,2,47821.0
57,1,2,1,3,7,143,7,73,0,27450.0
64,2,2,0,3,6,55,7,41,1,39453.0
10,4,2,1,4,4,63,11,53,2,26850.0
65,1,5,11,5,3,1867,22,69,0,79800.0
74,2,4,4,10,2,611,20,63,1,61794.0
4,3,7,1,7,7,473,18,69,1,53863.0
94,1,1,1,3,4,55,6,65,0,24221.0
41,2,2,1,2,7,81,7,40,1,39684.0
25,0,5,11,5,2,2086,21,49,0,92163.0
94,1,3,7,9,1,1478,20,59,0,69882.0
9,1,1,0,3,4,49,5,47,1,33178.0
47,1,3,4,7,1,382,15,52,0,59973.0
12,3,3,1,2,7,69,9,49,1,17459.0
80,1,2,0,3,7,67,6,55,1,23910.0
20,2,1,0,3,8,30,6,55,2,42169.0
39,3,2,1,3,6,63,9,46,1,26224.0
57,3,3,0,4,8,79,10,43,1,31089.0
27,1,1,0,3,7,42,5,63,1,30081.0
83,3,5,3,12,5,819,23,64,1,62807.0
79,1,3,4,9,1,1151,17,69,0,72906.0
69,3,5,2,10,5,594,20,76,2,61467.0
77,4,3,1,3,7,129,11,58,2,49618.0
15,4,5,1,2,10,213,12,38,1,21888.0
61,1,1,0,3,7,28,5,68,3,26150.0
23,2,1,0,3,7,45,6,49,1,30801.0
84,1,6,4,7,3,1193,18,59,0,81168.0
74,2,3,1,6,6,268,12,55,0,26877.0
90,1,3,1,7,3,266,12,80,0,45006.0
41,1,1,0,3,8,37,5,51,1,18978.0
73,3,6,3,13,5,882,25,55,0,48240.0
88,5,6,2,5,7,373,18,50,2,45837.0
94,2,1,0,3,8,35,6,59,3,35791.0
31,0,0,0,1,1,107,1,48,2,162397.0
31,1,1,0,3,4,42,5,46,2,54162.0
6,5,1,2,9,2,326,17,64,1,30522.0
23,3,6,1,7,6,404,17,63,1,54456.0
92,1,2,1,2,7,95,6,53,0,31632.0
52,1,4,3,6,1,939,14,75,0,72298.0
50,1,1,0,3,7,33,5,46,1,36975.0
54,1,6,8,6,3,981,21,69,0,72635.0
93,2,2,0,3,6,36,7,48,1,13624.0
56,1,8,4,7,3,1237,20,49,1,84196.0
28,7,11,11,5,7,1825,34,64,1,70971.0
94,3,3,0,3,9,103,9,47,2,34487.0
76,3,4,1,4,9,191,12,47,1,28769.0
43,2,7,3,13,8,1586,25,54,1,69084.0
46,1,3,4,6,1,963,14,66,0,65488.0
27,1,2,1,3,7,93,7,64,0,32218.0
12,1,6,7,7,3,1587,21,51,0,83917.0
3,1,1,0,2,7,16,4,62,3,46102.0
72,1,9,11,11,5,1375,32,72,0,84574.0
6,1,4,2,7,4,393,14,62,1,56181.0
53,5,8,4,9,7,1477,26,74,1,63120.0
58,2,6,2,8,2,1179,18,53,1,73691.0
57,1,5,9,6,2,1348,21,76,0,76140.0
37,4,9,4,6,6,1307,23,65,1,62859.0
20,2,5,4,4,5,486,15,60,1,45906.0
73,1,4,2,6,2,2252,13,77,0,77632.0
56,7,3,1,6,6,235,17,53,2,46463.0
36,0,9,8,13,3,1724,30,54,0,105471.0
9,1,3,1,6,4,235,11,54,1,55282.0
42,3,7,6,12,4,1092,28,47,1,78710.0
28,2,7,1,7,5,599,17,66,1,66886.0
23,0,4,6,9,1,2008,19,64,0,98777.0
38,2,1,0,3,9,48,6,39,1,29103.0
63,5,9,6,12,6,1174,32,50,1,67445.0
71,1,1,1,4,2,67,7,74,1,50616.0
9,2,7,1,5,8,365,15,69,1,49431.0
81,0,0,0,0,0,6,0,49,0,153924.0
87,2,3,1,4,6,165,10,71,1,61278.0
36,1,9,3,13,4,1095,26,77,1,73059.0
86,4,3,2,3,6,223,12,58,3,46734.0
83,4,7,2,9,6,597,22,61,1,56253.0
87,1,6,4,13,4,1064,24,49,1,58330.0
29,1,2,0,3,8,74,6,44,0,25965.0
88,1,1,0,3,6,26,5,68,0,14661.0
77,1,1,1,2,8,60,5,65,0,18690.0
25,1,1,0,2,7,20,4,50,1,45068.0
34,2,2,0,3,6,59,7,37,1,21063.0
43,1,1,0,3,8,34,5,56,1,29187.0
76,3,3,1,5,3,198,12,53,2,54690.0
81,3,7,8,10,5,1048,28,60,1,59304.0
87,5,5,2,9,6,574,21,62,2,59247.0
33,4,4,3,6,3,1029,17,54,1,66731.0
38,2,6,4,8,4,670,20,44,1,77353.0
26,1,1,0,2,8,11,4,50,2,26751.0
17,3,10,3,5,5,1241,21,61,1,81300.0
75,1,2,2,12,1,576,17,45,0,70337.0
13,4,4,1,3,9,172,12,39,1,36145.0
19,1,3,3,13,2,664,20,44,0,65295.0
51,2,8,9,4,6,928,23,61,1,68118.0
81,1,11,5,13,7,2074,30,57,0,68743.0
32,1,8,1,5,8,467,15,42,0,41039.0
84,2,3,1,6,5,257,12,69,1,38946.0
87,1,2,8,6,1,1146,17,57,0,65777.0
99,2,5,2,11,4,689,20,48,1,66476.0
96,1,5,6,10,2,2114,22,52,0,86857.0
21,15,0,28,1,0,1717,44,42,0,160803.0
40,1,3,5,12,1,1346,21,35,0,77845.0
3,1,4,6,4,2,1044,15,55,0,69476.0
98,6,4,5,7,6,493,22,64,1,50611.0
73,1,5,3,4,2,957,13,54,0,61209.0
90,3,1,4,4,3,270,12,66,1,42315.0
29,1,1,0,3,6,29,5,72,0,13084.0
3,3,2,2,2,7,121,9,75,2,47570.0
94,1,2,1,4,3,126,8,63,2,61923.0
65,1,1,0,2,6,23,4,29,0,34824.0
33,3,2,0,3,8,57,8,75,2,26518.0
46,2,8,4,6,6,636,20,63,0,45938.0
29,1,10,7,10,4,1004,28,64,0,78468.0
99,3,9,3,5,4,734,20,51,1,78901.0
26,2,8,2,8,4,614,20,46,2,71427.0
30,3,5,2,11,8,1453,21,46,1,71022.0
27,1,3,4,7,1,1621,15,36,0,90247.0
24,3,4,1,4,7,187,12,56,1,41335.0
34,1,1,1,3,2,57,6,54,1,35682.0
88,2,9,3,6,8,637,20,73,1,43185.0
96,3,2,4,5,7,948,14,76,1,66375.0
26,1,1,0,2,8,18,4,38,1,25252.0
49,4,7,5,10,5,903,26,59,1,55250.0
11,2,2,1,3,6,112,8,49,1,33249.0
44,3,5,4,8,4,596,20,71,0,58398.0
75,3,4,1,5,7,233,13,42,1,50272.0
64,1,3,2,5,1,1511,11,49,0,76618.0
19,1,5,3,8,2,1152,17,64,0,87305.0
45,2,2,0,3,7,48,7,46,1,25851.0
77,6,11,5,9,6,1185,31,54,1,58710.0
9,1,1,0,2,7,21,4,66,2,45160.0
1,2,5,4,5,4,965,16,59,1,74806.0
90,1,11,1,8,7,869,21,70,0,59111.0
43,2,1,0,3,7,16,6,40,1,18988.0
79,1,5,6,4,3,1947,16,59,0,72190.0
19,5,4,1,2,9,71,12,48,1,7500.0
62,1,6,5,12,2,1380,24,69,0,80395.0
41,1,3,8,11,1,1027,23,48,0,75012.0
60,7,6,3,5,7,411,21,59,3,56962.0
17,1,11,6,8,4,836,26,33,0,89891.0
24,1,0,0,3,5,11,4,75,2,35946.0
60,8,7,2,6,8,480,23,71,2,53593.0
74,5,6,1,4,8,284,16,76,3,45072.0
22,3,4,3,4,5,1472,14,51,2,89694.0
46,1,4,8,13,2,1677,26,75,0,72025.0
69,2,8,5,4,4,1335,19,51,1,67432.0
29,1,4,1,7,2,334,13,72,1,70545.0
37,1,1,0,2,7,18,4,35,1,17487.0
26,2,7,5,6,4,1338,20,55,1,62882.0
8,4,6,9,11,5,1099,30,71,1,64108.0
26,2,3,0,3,8,97,8,68,2,34941.0
79,3,2,1,3,5,63,9,74,3,48767.0
71,2,3,0,4,6,109,9,46,1,38702.0
83,1,6,9,5,3,902,21,60,0,82224.0
57,1,4,4,11,1,1574,20,72,0,83844.0
37,3,2,0,4,5,38,9,49,1,17003.0
30,1,3,8,12,1,960,24,29,0,71163.0
34,1,1,0,2,7,28,4,54,1,33697.0
0,1,10,10,7,6,1215,28,70,0,63564.0
89,1,6,10,5,2,1497,22,52,0,83443.0
92,2,3,2,10,3,449,17,66,1,51518.0
20,1,8,5,11,8,1757,25,55,0,80952.0
56,1,8,6,6,3,1440,21,45,0,75507.0
28,1,7,3,13,4,1006,24,46,0,63855.0
55,5,7,6,5,6,1226,23,52,1,62220.0
25,5,3,4,8,8,1171,20,60,1,58512.0
0,2,2,1,3,4,92,8,45,1,40662.0
86,1,3,2,2,5,99,8,65,1,38829.0
8,2,3,0,3,7,66,8,43,1,35523.0
33,2,8,1,8,6,564,19,57,2,79146.0
13,1,6,4,10,3,1427,21,36,0,78285.0
12,1,2,1,2,7,86,6,46,1,31626.0
92,1,2,11,5,1,833,19,72,0,75127.0
90,3,3,2,4,6,242,12,69,1,48726.0
8,1,3,6,7,2,1869,17,47,0,74985.0
6,1,11,5,12,6,1364,29,37,0,67430.0
91,1,2,1,4,4,183,8,59,1,46891.0
52,4,6,1,7,6,450,18,68,1,62058.0
3,2,5,2,12,2,758,21,45,1,72063.0
57,1,8,5,6,3,1507,20,73,0,78939.0
9,8,7,3,7,8,654,25,59,2,42720.0
22,3,2,0,4,7,81,9,52,2,33622.0
76,0,0,0,1,20,137,1,67,1,6835.0
86,1,1,0,2,7,16,4,71,2,41452.0
64,2,2,1,3,6,93,8,59,1,40760.0
90,1,2,11,4,1,1158,18,66,0,74250.0
79,2,1,0,3,3,43,6,69,2,51124.0
28,2,6,9,5,2,1525,22,53,1,72258.0
86,1,4,4,10,1,1230,19,50,0,71466.0
42,2,1,0,3,4,29,6,48,2,36283.0
39,1,1,1,2,7,25,5,54,1,20587.0
8,1,1,0,2,7,24,4,52,1,30467.0
40,1,1,0,3,8,38,5,52,1,31590.0
5,2,2,0,3,7,57,7,38,1,20425.0
96,5,3,0,4,7,47,12,64,2,17144.0
28,6,6,8,4,7,813,24,56,1,42564.0
22,6,7,1,8,7,629,22,46,1,43783.0
30,4,7,1,5,9,377,17,48,1,40780.0
45,1,3,6,4,2,1612,14,79,0,62847.0
58,1,5,4,7,2,729,17,67,0,82017.0
49,1,2,0,3,7,50,6,74,0,16813.0
37,4,3,3,5,4,270,15,46,2,51267.0
70,2,1,1,5,3,177,9,63,1,46524.0
33,1,4,1,7,7,315,13,62,0,45183.0
98,3,10,3,7,6,767,23,70,1,70421.0
17,3,11,4,8,8,1071,26,59,1,60161.0
54,1,6,5,12,3,1580,24,51,0,73926.0
39,3,4,0,3,8,60,10,56,1,19329.0
81,4,4,4,9,4,573,21,54,1,61872.0
71,1,1,0,3,5,41,5,68,2,46984.0
62,3,2,1,4,6,170,10,73,2,34838.0
8,1,6,8,13,2,1167,28,80,0,82716.0
76,3,2,8,12,8,1526,25,66,0,48192.0
66,6,7,1,7,7,458,21,48,2,49681.0
83,1,1,1,3,2,63,6,53,1,56850.0
28,4,3,4,6,3,405,17,67,1,55267.0
87,7,3,2,8,8,1027,20,52,2,59666.0
43,2,5,9,6,2,1478,22,52,1,72504.0
0,1,1,1,2,6,72,5,43,0,26872.0
1,2,2,0,3,8,48,7,52,1,21359.0
1,1,5,4,6,2,726,16,49,0,73170.0
72,6,5,7,9,4,860,27,69,1,52750.0
72,0,5,5,12,1,1497,22,38,0,91820.0
12,2,5,4,7,3,495,18,54,1,65968.0
89,1,1,0,2,6,20,4,48,2,30772.0
67,3,10,2,4,9,570,19,70,0,22507.0
54,1,9,2,9,5,769,21,52,1,65685.0
34,2,2,0,3,8,55,7,46,1,25804.0
15,1,5,4,8,3,1808,18,44,0,76412.0
43,2,2,0,3,7,55,7,52,1,22063.0
0,1,7,3,7,5,577,18,63,0,57091.0
51,1,10,2,11,8,1576,24,65,1,78353.0
97,3,3,4,7,5,1616,17,70,3,93404.0
75,2,1,0,3,8,36,6,62,3,37859.0
83,1,8,9,4,4,1482,22,66,1,80995.0
23,1,1,0,3,6,22,5,40,1,16529.0
65,1,2,0,3,5,63,6,48,2,55412.0
94,1,6,4,7,6,680,18,32,0,48789.0
42,3,7,3,7,5,542,20,57,2,56575.0
10,2,2,0,3,7,50,7,44,1,25130.0
94,2,1,0,3,8,39,6,57,2,35441.0
50,5,6,5,12,3,1043,28,68,1,71391.0
46,2,6,1,5,7,385,14,52,1,49494.0
98,1,7,7,12,3,1633,27,44,0,81702.0
42,1,1,0,3,6,46,5,44,1,45889.0
30,2,7,6,5,5,761,20,47,1,56628.0
11,3,2,1,3,5,76,9,74,2,34026.0
61,3,3,2,6,5,290,14,50,1,40049.0
76,4,4,0,3,9,70,11,43,1,19419.0
2,1,3,6,7,1,1066,17,64,0,82504.0
43,1,5,6,7,2,2009,19,54,0,81205.0
27,2,3,6,8,3,1345,19,33,0,61618.0
60,3,7,5,8,5,764,23,68,1,55284.0
79,2,3,1,5,5,195,11,61,1,49980.0
96,4,3,1,3,5,53,11,44,2,15072.0
17,2,5,3,3,6,368,13,50,1,49166.0
38,1,7,7,10,3,1853,25,67,0,82347.0
43,2,1,1,2,5,35,6,58,2,30843.0
1,3,7,1,7,8,446,18,50,1,46374.0
25,7,10,2,12,7,1180,31,45,1,60474.0
2,1,1,0,3,7,41,5,51,1,38576.0
66,3,6,2,11,5,727,22,39,2,55357.0
49,2,1,0,3,8,40,6,58,2,37758.0
5,1,6,9,10,2,1062,26,35,0,85710.0
71,2,2,0,3,8,40,7,55,1,23228.0
35,6,6,1,4,8,292,17,55,2,44602.0
94,1,0,0,3,6,15,4,37,0,7500.0
80,6,4,1,6,7,341,17,35,1,38683.0
61,2,6,1,4,7,369,13,49,1,49514.0
29,3,4,2,8,4,401,17,51,1,57906.0
0,3,5,1,8,5,393,17,58,1,43456.0
80,1,1,0,2,7,10,4,38,2,19485.0
54,3,2,3,8,3,486,16,46,1,53172.0
71,2,2,0,3,7,69,7,45,1,30545.0
27,1,5,7,4,3,1727,17,41,0,70123.0
61,2,5,5,4,3,995,16,65,1,62450.0
55,3,4,0,3,7,45,10,48,1,21675.0
35,4,3,1,4,7,182,12,43,2,42395.0
34,1,5,7,10,3,989,23,46,1,61346.0
95,1,4,8,5,2,1677,18,71,0,80812.0
64,7,6,6,4,6,595,23,53,2,42835.0
30,2,3,0,4,8,156,9,41,1,39922.0
12,1,6,9,12,1,1226,28,68,0,86424.0
96,4,3,1,3,9,128,11,46,1,17117.0
16,3,3,1,2,8,86,9,52,1,24762.0
16,2,2,0,3,8,68,7,49,1,35797.0
78,1,0,0,3,5,16,4,49,2,36627.0
83,2,2,0,3,6,55,7,43,2,51111.0
67,1,3,2,13,1,2018,19,54,0,82072.0
87,4,6,1,4,9,263,15,71,3,46231.0
34,2,2,0,3,7,55,7,65,2,42243.0
46,8,9,2,5,8,564,24,62,2,51195.0
7,2,2,6,10,5,1281,20,46,0,68092.0
73,2,2,0,3,9,83,7,51,1,31814.0
54,6,5,2,5,5,353,18,59,2,51390.0
93,1,3,10,11,1,1003,25,41,0,76630.0
52,1,1,0,2,7,14,4,33,1,26868.0
81,2,8,10,5,6,1139,25,52,1,55260.0
8,1,6,9,4,5,797,20,68,1,64090.0
97,2,10,6,7,4,1638,25,66,1,78331.0
50,3,4,2,8,6,401,17,50,1,37087.0
38,4,4,0,3,8,84,11,38,1,21846.0
61,1,4,3,10,2,928,18,66,0,81320.0
46,2,4,1,4,6,203,11,54,1,54137.0
73,1,4,5,6,2,858,16,57,0,66825.0
19,1,3,3,6,3,409,13,51,0,57100.0
10,5,4,1,6,5,282,16,55,3,58917.0
94,1,3,4,10,0,1423,18,47,0,85072.0
10,0,7,4,7,2,1449,18,63,0,86429.0
37,1,1,0,2,7,28,4,53,1,45684.0
94,1,2,0,3,5,67,6,50,1,47889.0
23,1,2,1,6,4,199,10,38,0,45921.0
75,1,3,10,8,1,1453,22,58,0,78420.0
40,1,3,10,5,2,1253,19,32,0,75114.0
24,6,10,5,10,8,1198,31,61,1,52278.0
11,2,3,1,4,7,178,10,52,1,35641.0
29,1,7,3,7,3,1990,18,30,0,95529.0
51,1,3,4,6,1,976,14,70,0,62820.0
86,1,3,4,7,2,1001,15,64,0,73113.0
30,2,3,2,7,3,350,14,70,1,42607.0
73,1,6,9,9,3,1650,25,70,0,74637.0
25,1,1,0,3,7,46,5,69,2,46015.0
67,1,2,10,6,1,1228,19,31,0,72354.0
67,1,2,0,4,6,95,7,55,1,39858.0
58,3,1,1,4,4,62,9,76,2,34469.0
82,1,11,4,10,5,1761,26,38,1,83033.0
98,3,6,1,6,8,467,16,45,0,24401.0
93,1,4,5,9,2,1149,19,46,0,77583.0
53,1,4,4,10,2,2052,19,42,0,74116.0
6,1,6,9,5,3,1416,21,48,1,68397.0
42,1,6,4,9,2,1113,20,50,0,79632.0
78,1,1,1,4,3,125,7,35,1,46107.0
29,2,11,2,10,7,966,25,73,1,64950.0
82,1,1,0,3,8,32,5,35,1,25443.0
78,2,3,0,3,8,46,8,53,1,32892.0
54,1,9,3,4,4,960,17,53,0,71796.0
45,3,11,5,11,8,1829,30,54,1,67536.0
59,3,7,5,11,5,779,26,53,1,55239.0
8,2,8,4,9,6,811,23,49,1,60554.0
51,8,6,3,5,6,1120,22,72,2,64831.0
51,2,7,4,7,5,725,20,62,1,56067.0
76,1,3,2,6,1,1187,12,41,0,82025.0
62,0,5,8,5,2,2302,18,71,0,94384.0
86,3,2,1,3,7,66,9,38,0,14906.0
60,1,4,4,10,8,1250,19,37,0,51563.0
56,3,4,4,9,3,683,20,42,1,57937.0
83,2,4,2,5,3,305,13,45,2,68274.0
92,1,2,0,3,4,50,6,47,1,39771.0
31,2,3,2,9,8,995,16,49,1,67893.0
80,1,2,0,3,4,41,6,45,1,27922.0
39,3,2,1,3,5,77,9,48,2,52190.0
20,4,3,1,4,6,171,12,51,2,44051.0
53,1,3,1,2,8,131,7,53,2,42767.0
84,1,1,1,2,6,54,5,48,2,46106.0
50,5,3,0,4,8,53,12,48,2,16927.0
96,3,5,2,6,5,475,16,59,1,59754.0
94,4,5,5,8,5,694,22,72,1,53700.0
25,2,2,0,4,5,96,8,51,2,59041.0
48,4,5,2,5,6,361,16,67,1,54237.0
65,2,4,7,13,2,1079,26,57,1,70647.0
69,3,6,3,8,5,578,20,62,1,52597.0
12,2,2,0,3,6,64,7,55,1,41021.0
84,5,2,1,5,6,149,13,49,1,40233.0
47,7,3,1,6,5,231,17,44,2,50183.0
87,3,5,2,11,4,728,21,65,1,54753.0
35,1,6,7,9,2,1778,23,51,0,92955.0
47,3,3,0,4,7,93,10,51,1,33471.0
48,1,1,0,2,8,23,4,50,1,34596.0
46,6,10,2,6,9,662,24,44,1,44010.0
27,1,3,4,10,1,1198,18,36,0,84219.0
37,4,3,0,4,7,81,11,56,3,40706.0
8,3,3,0,4,8,92,10,36,1,15716.0
29,3,7,1,7,5,491,18,65,1,59052.0
85,1,4,6,13,2,1564,24,53,0,80573.0
2,1,2,8,13,0,926,24,62,0,83715.0
66,1,2,4,12,1,1910,19,65,0,82576.0
54,3,2,0,4,4,94,9,72,2,35704.0
70,5,10,6,7,7,1085,28,70,1,53103.0
55,1,0,1,2,4,23,4,64,2,46779.0
20,0,0,0,0,14,6,0,59,0,4861.0
78,1,2,0,3,7,54,6,45,1,33462.0
17,1,5,11,6,3,1415,23,74,0,80763.0
43,2,4,2,8,4,405,16,50,1,65352.0
13,1,5,6,7,2,1908,19,46,0,82170.0
46,1,9,7,9,5,2486,26,55,0,75759.0
65,1,4,9,13,2,1315,27,48,0,79689.0
1,2,2,0,3,5,45,7,68,2,35340.0
6,1,2,4,10,1,1789,17,70,0,85683.0
32,1,0,0,3,7,19,4,52,1,24884.0
34,5,10,1,6,9,573,22,43,1,42021.0
70,4,5,3,12,4,805,24,35,1,64449.0
49,2,1,1,4,3,108,8,70,2,64587.0
25,1,8,4,10,6,1493,23,46,0,75437.0
7,3,8,8,6,6,936,25,51,1,52845.0
34,4,3,1,8,4,343,16,68,1,46086.0
38,1,6,4,9,7,528,20,68,1,78028.0
1,1,4,3,4,1,1901,12,37,0,95169.0
25,5,8,5,4,8,724,22,43,2,56337.0
25,2,2,0,3,8,58,7,37,1,22434.0
50,5,5,2,4,8,297,16,70,1,36930.0
46,6,3,8,4,4,488,21,70,1,36130.0
96,2,6,5,10,3,859,23,71,1,65569.0
47,4,3,1,2,8,69,10,56,2,19514.0
52,1,1,0,2,6,17,4,61,2,36736.0
30,1,10,2,8,5,2194,21,45,1,77568.0
63,1,1,1,5,2,116,8,48,1,49187.0
51,7,6,1,4,9,279,18,46,1,30168.0
14,1,3,0,3,8,103,7,56,1,34053.0
20,3,2,0,4,5,44,9,53,2,38196.0
56,1,4,2,8,3,406,15,73,0,59412.0
41,1,6,6,7,3,1363,20,59,0,70924.0
72,1,2,1,7,2,236,11,55,0,54165.0
1,1,1,0,3,8,39,5,51,1,32300.0
27,1,2,1,4,7,137,8,48,0,20180.0
77,3,3,1,3,7,79,10,51,1,34961.0
87,1,2,0,3,8,63,6,50,1,28440.0
81,7,11,3,4,7,1314,25,71,3,64504.0
51,1,1,1,3,5,71,6,58,1,33564.0
79,2,2,1,2,8,58,7,46,1,17345.0
11,3,5,4,9,4,702,21,57,1,56320.0
54,1,2,2,2,7,94,7,46,1,28647.0
93,2,2,1,2,9,80,7,37,1,15038.0
0,1,1,0,3,4,22,5,66,1,32173.0
54,5,10,7,10,6,1211,32,60,1,68316.0
21,1,8,8,5,3,1461,22,53,0,74538.0
58,1,8,6,5,3,1968,20,53,0,91700.0
3,1,4,4,7,2,1091,16,55,0,68695.0
99,1,1,0,3,8,55,5,47,1,31056.0
65,2,5,1,5,8,313,13,44,0,28071.0
44,4,3,0,4,4,62,11,66,2,37334.0
6,3,2,0,4,7,92,9,52,2,46423.0
9,1,1,2,2,6,72,6,53,1,37126.0
95,4,6,3,8,5,655,21,71,1,47703.0
70,2,5,5,6,3,704,18,65,1,61180.0
92,3,2,0,3,8,54,8,70,2,38998.0
62,15,0,1,0,19,178,16,33,0,8028.0
85,1,4,5,4,2,1033,14,62,0,76081.0
2,1,1,1,2,6,36,5,38,1,34728.0
0,3,2,1,4,7,122,10,59,1,33168.0
91,1,2,0,4,4,122,7,58,1,33585.0
3,1,7,7,12,3,1123,27,64,1,77037.0
68,6,6,1,5,8,497,18,40,1,35196.0
98,6,6,2,11,5,691,25,58,1,44529.0
16,1,1,0,2,8,12,4,58,2,28764.0
82,1,7,8,9,5,2440,25,75,0,69098.0
1,2,1,2,2,6,56,7,54,2,25959.0
64,1,1,0,3,7,37,5,41,1,27100.0
68,1,3,5,12,2,968,21,39,0,70596.0
98,4,6,1,4,8,270,15,50,1,42557.0
32,1,5,1,5,7,278,12,73,0,53312.0
87,1,6,7,8,3,1250,22,72,0,72228.0
84,1,2,8,6,1,938,17,37,0,67605.0
3,11,3,4,10,8,1178,28,75,2,62845.0
34,2,7,6,11,5,1155,26,66,2,65196.0
23,2,5,2,11,5,653,20,37,0,42000.0
37,2,1,1,2,5,49,6,51,2,35860.0
22,1,4,4,8,2,506,17,60,1,65526.0
19,3,1,1,3,7,38,8,63,2,16860.0
7,1,4,10,8,1,1650,23,32,0,83528.0
52,8,8,9,8,6,1826,33,59,1,64176.0
91,1,1,0,2,8,18,4,68,0,22304.0
93,1,3,7,13,2,906,24,46,0,67023.0
23,6,5,6,8,3,1477,25,58,1,70713.0
83,3,9,2,9,6,766,23,69,1,59925.0
92,2,2,0,3,5,47,7,71,1,39722.0
4,1,6,1,6,6,467,14,66,0,46610.0
32,1,4,7,9,1,2116,21,63,0,88347.0
27,1,6,7,11,2,1298,25,43,0,87171.0
10,2,1,0,3,7,22,6,48,2,26907.0
9,2,4,1,8,5,396,15,56,1,50014.0
65,1,1,0,2,7,20,4,46,1,41014.0
68,1,4,3,5,2,967,13,59,0,66294.0
16,6,7,2,4,9,357,19,53,1,36715.0
12,1,5,6,4,3,1401,16,68,0,79456.0
95,1,0,0,3,4,15,4,42,1,40479.0
16,1,5,8,6,3,2087,20,54,0,75345.0
46,4,11,6,5,8,981,26,47,1,54233.0
3,2,1,0,3,4,17,6,54,2,24163.0
80,0,9,9,4,5,523,22,66,0,84460.0
77,1,1,0,2,6,23,4,41,1,43776.0
0,1,4,7,5,2,1192,17,66,0,71691.0
62,1,6,6,7,2,1958,20,51,0,85844.0
91,2,2,1,4,5,133,9,50,1,39190.0
2,3,3,0,3,8,73,9,52,2,38578.0
22,3,2,1,4,3,121,10,59,2,57236.0
56,1,4,2,8,4,424,15,45,1,61825.0
54,1,4,3,5,1,868,13,66,1,79803.0
71,1,3,3,8,1,756,15,38,0,80910.0
38,1,1,0,2,7,12,4,42,1,27590.0
62,2,5,8,10,5,937,25,45,1,56775.0
78,0,4,7,6,1,1862,17,49,0,83829.0
18,2,4,1,7,5,367,14,45,1,54210.0
95,6,7,2,5,8,443,20,38,1,38508.0
66,2,4,1,6,5,267,13,54,1,53187.0
28,1,2,0,3,8,61,6,52,1,30023.0
78,1,4,5,11,2,1323,21,64,0,76045.0
13,1,2,0,3,5,63,6,72,1,50870.0
17,2,6,2,9,5,562,19,50,1,65463.0
71,7,4,1,7,4,312,19,59,2,66480.0
79,1,2,2,11,1,1156,16,70,0,76773.0
1,1,8,2,5,5,1104,16,41,0,81698.0
78,1,1,0,2,5,16,4,51,2,54466.0
75,3,3,0,3,8,44,9,40,1,16269.0
70,3,3,3,5,6,1574,14,53,1,71819.0
10,1,1,1,2,8,63,5,41,1,33569.0
24,1,3,5,3,6,426,12,41,0,36262.0
47,1,2,1,2,8,96,6,58,0,22634.0
98,5,11,1,6,9,635,23,46,1,47025.0
4,2,6,5,9,3,757,22,56,1,70566.0
15,2,2,1,4,7,125,9,45,1,31605.0
67,5,4,2,5,7,332,16,51,2,52034.0
32,1,2,1,4,3,135,8,45,1,48526.0
40,2,6,1,5,7,330,14,70,1,46734.0
54,7,6,2,5,8,384,20,62,2,39552.0
78,4,5,3,6,8,1722,18,58,2,86358.0
94,2,1,1,3,3,78,7,47,3,46931.0
51,1,0,0,3,4,24,4,39,0,16581.0
42,1,7,6,11,4,1168,25,72,0,63998.0
67,4,2,2,9,7,957,17,73,1,67381.0
87,1,1,0,2,7,15,4,57,2,25930.0
29,1,1,0,3,5,57,5,46,1,42693.0
89,2,6,7,9,3,1956,24,48,1,85606.0
74,1,7,5,8,4,2013,21,39,0,72903.0
97,2,5,1,6,6,326,14,50,1,49669.0
63,3,3,0,3,9,77,9,56,2,36778.0
88,1,4,6,9,1,1313,20,62,0,85696.0
81,2,6,2,4,7,315,14,63,1,49678.0
51,1,2,0,4,5,74,7,35,1,37155.0
76,2,2,1,2,6,46,7,46,1,21282.0
76,2,2,0,4,7,86,8,62,1,33419.0
84,1,6,5,13,3,1103,25,79,0,63285.0
56,4,2,1,4,4,61,11,50,1,21255.0
31,2,3,1,3,6,145,9,43,1,42162.0
0,12,9,2,8,8,684,31,68,2,54450.0
91,2,9,1,4,8,411,16,70,1,57744.0
40,1,1,0,2,9,27,4,38,1,26576.0
59,2,9,3,13,6,1060,27,81,0,57513.0
96,3,10,4,7,6,1459,24,60,1,68142.0
61,1,1,0,2,8,18,4,45,1,7500.0
14,1,5,9,11,2,1833,26,50,0,83145.0
16,2,1,3,6,1,237,12,64,1,54197.0
98,4,2,1,3,7,48,10,61,2,23091.0
11,10,5,2,9,7,515,26,48,2,46049.0
52,1,7,3,4,4,1020,15,50,0,56715.0
19,1,3,2,5,1,1370,11,63,0,79410.0
61,2,7,6,10,5,1026,25,73,1,57304.0
73,1,4,1,6,5,301,12,59,1,44375.0
74,1,8,1,7,7,499,17,59,1,59594.0
55,1,6,4,10,2,1004,21,30,0,80685.0
48,2,4,1,5,7,218,12,50,1,40344.0
53,4,4,2,12,4,606,22,52,1,62710.0
13,1,1,1,3,3,75,6,56,1,48985.0
34,3,2,0,4,8,106,9,56,3,35322.0
54,1,4,4,8,2,990,17,76,0,77142.0
69,1,3,4,8,1,1097,16,55,0,81657.0
81,1,1,0,2,5,16,4,28,0,14421.0
3,1,8,2,5,5,1711,16,34,0,74214.0
61,3,8,2,4,7,438,17,67,2,66726.0
65,2,2,0,3,8,75,7,45,1,23724.0
93,3,2,2,6,5,225,13,64,1,47353.0
24,1,1,0,2,8,18,4,72,2,33444.0
8,2,3,2,10,3,470,17,43,1,54386.0
72,3,2,0,4,5,91,9,43,2,28510.0
29,1,3,4,10,1,2525,18,33,0,90638.0
33,3,8,2,6,7,504,19,74,1,48070.0
68,1,4,1,5,6,235,11,67,1,43140.0
55,3,9,5,4,7,1232,21,63,1,54959.0
76,5,2,2,3,5,88,12,66,2,15056.0
17,1,1,0,2,7,17,4,53,1,26954.0
94,1,1,0,3,5,24,5,39,1,22327.0
86,2,1,0,4,4,60,7,59,2,44393.0
25,1,6,6,13,4,1020,26,72,1,62000.0
22,2,3,1,4,8,155,10,62,1,31497.0
15,1,1,0,3,5,51,5,50,2,45894.0
35,1,5,6,4,3,1812,16,54,0,78579.0
81,4,7,4,10,4,1461,25,55,1,67369.0
55,1,1,2,2,4,96,6,64,1,58401.0
94,1,4,0,4,5,160,9,72,1,62307.0
50,3,2,1,4,6,139,10,55,2,43641.0
11,2,5,2,10,8,1161,19,55,1,70091.0
72,1,3,5,5,1,988,14,52,0,78075.0
6,3,6,6,12,5,1072,27,63,1,59184.0
0,4,2,1,5,4,174,12,47,2,54809.0
66,3,9,2,8,7,758,22,65,1,58113.0
42,2,3,2,4,4,195,11,66,1,51412.0
64,1,3,4,9,1,1084,17,67,0,66636.0
87,3,10,4,5,8,685,22,68,1,50965.0
1,1,2,0,3,7,43,6,34,0,18351.0
54,1,1,1,2,5,49,5,67,2,40451.0
53,2,3,0,4,7,133,9,59,1,36317.0
96,2,5,1,7,7,363,15,67,1,42213.0
58,2,2,4,10,1,545,18,69,1,65748.0
12,2,7,11,11,4,1065,31,52,1,77044.0
78,1,5,9,6,3,2047,21,55,0,74918.0
64,5,4,1,5,6,296,15,52,2,56721.0
26,4,2,1,4,6,140,11,49,2,42160.0
8,1,4,2,10,3,530,17,59,1,61559.0
49,5,3,1,4,9,152,13,61,2,33629.0
55,2,2,2,2,7,114,8,61,1,34377.0
25,3,3,1,3,8,101,10,38,1,8940.0
50,1,1,0,2,8,25,4,51,1,26228.0
84,1,5,7,9,4,789,22,67,0,77297.0
30,2,2,1,2,8,87,7,43,2,40211.0
81,4,2,1,4,5,90,11,66,2,33438.0
74,2,5,4,9,3,1215,20,65,1,75032.0
76,1,11,2,8,6,811,22,69,0,61284.0
36,2,2,1,2,5,61,7,38,1,22518.0
64,5,4,1,8,4,405,18,49,1,54730.0
62,3,3,0,3,7,72,9,69,2,38452.0
53,5,5,0,4,8,189,14,53,2,44421.0
86,1,1,0,3,5,40,5,38,1,38197.0
15,3,3,0,4,4,63,10,46,1,41986.0
67,2,2,0,3,8,52,7,41,1,28427.0
47,1,1,0,3,6,39,5,48,1,37395.0
47,4,8,2,11,6,805,25,53,1,64722.0
81,1,2,1,4,3,130,8,68,1,55249.0
98,1,5,6,12,2,1631,24,52,0,84906.0
48,4,2,1,5,6,152,12,72,2,44213.0
18,1,1,0,3,7,21,5,40,1,25707.0
74,2,2,0,3,4,71,7,57,3,59062.0
68,1,5,10,7,1,899,23,62,1,76624.0
36,1,1,3,5,1,711,10,77,0,66000.0
90,4,6,2,4,8,351,16,46,1,27683.0
65,15,0,0,0,20,8,15,53,0,1730.0
63,4,3,2,2,9,119,11,32,1,7500.0
82,1,0,1,2,5,21,4,56,2,40521.0
63,1,1,0,2,8,10,4,51,1,20427.0
55,3,8,3,13,6,973,27,49,1,65106.0
64,1,4,2,6,3,1536,13,59,0,69969.0
51,4,6,5,13,4,992,28,72,2,67433.0
97,2,11,10,11,6,1529,34,57,1,77766.0
92,2,7,3,5,4,860,17,52,1,74716.0
72,4,7,2,5,7,418,18,54,2,55158.0
39,2,7,4,3,6,587,16,69,1,62972.0
49,2,4,2,11,2,641,19,49,1,74190.0
21,1,1,0,2,6,23,4,48,2,39356.0
91,1,4,7,11,2,2279,23,55,0,76653.0
98,1,6,2,8,2,1779,17,41,0,90687.0
85,1,7,8,11,3,1804,27,42,0,73450.0
40,3,2,0,3,8,48,8,64,2,31454.0
2,2,2,1,2,7,83,7,72,2,47139.0
41,10,9,4,6,8,793,29,61,2,53378.0
94,3,2,1,3,7,84,9,54,1,19656.0
10,1,4,1,4,6,183,10,76,1,45579.0
73,1,6,6,6,2,1383,19,66,0,85485.0
22,2,7,3,4,4,999,16,80,0,55956.0
30,3,5,3,13,3,825,24,61,1,64191.0
21,4,5,1,4,8,246,14,52,1,38808.0
51,8,9,1,7,8,610,25,58,2,57183.0
97,3,2,1,3,8,76,9,56,1,23748.0
56,4,3,4,11,8,1286,22,53,1,66303.0
4,1,1,0,2,6,30,4,49,1,37368.0
77,2,3,0,3,7,99,8,60,3,40800.0
95,0,6,7,9,3,1192,22,46,0,71847.0
36,5,5,1,7,5,362,18,49,1,46149.0
13,1,4,6,8,2,2130,19,41,0,78687.0
90,2,9,7,10,7,1229,28,53,0,49118.0
49,2,1,0,3,9,38,6,67,2,37633.0
18,2,7,1,7,8,485,17,73,0,39767.0
89,2,4,2,5,7,434,13,73,0,26997.0
43,1,1,0,3,7,44,5,54,1,33986.0
82,2,9,2,5,7,496,18,52,1,57091.0
84,2,1,2,2,4,78,7,55,2,46831.0
80,1,5,7,10,2,2346,23,52,0,83151.0
68,2,7,2,10,6,794,21,53,0,52531.0
12,1,1,0,2,7,17,4,68,0,15759.0
10,2,2,0,4,5,76,8,51,1,43050.0
91,1,1,0,2,7,15,4,47,2,42997.0
21,2,1,0,4,4,62,7,61,2,48918.0
28,2,2,1,5,2,198,10,70,1,60033.0
97,1,2,0,2,9,49,5,46,1,34043.0
49,5,7,2,11,5,802,25,58,1,57811.0
14,1,4,6,4,1,1736,15,78,0,78569.0
5,4,2,1,3,6,57,10,46,2,7500.0
37,0,1,0,1,1,59,2,53,1,157733.0
83,1,2,0,3,7,37,6,39,0,23148.0
48,5,5,2,4,9,310,16,54,2,44267.0
94,1,5,5,8,3,1305,19,45,0,71626.0
61,5,10,3,8,7,832,26,58,1,60894.0
70,6,7,1,5,8,401,19,48,2,50200.0
43,1,5,5,12,2,1501,23,59,0,81051.0
23,1,10,4,13,6,1189,28,42,0,65169.0
37,7,11,2,12,6,1194,32,52,1,59868.0
50,2,5,4,10,4,656,21,64,1,65695.0
78,1,7,5,10,4,1540,23,68,0,64857.0
74,3,6,1,5,7,311,15,59,1,45143.0
14,5,4,7,10,2,820,26,69,1,74805.0
77,3,3,1,7,4,274,14,35,1,59060.0
39,3,3,0,3,9,57,9,62,2,27238.0
89,4,3,2,8,4,448,17,59,1,47009.0
62,1,1,0,3,7,44,5,51,2,46094.0
68,1,1,1,2,4,61,5,40,1,37235.0
13,1,5,9,12,3,1643,27,64,0,81843.0
37,3,6,1,5,6,397,15,66,1,46692.0
36,2,5,7,12,1,1121,26,56,1,77382.0
28,4,7,2,3,9,473,16,47,2,37774.0
2,2,3,0,3,8,50,8,50,1,18393.0
17,6,6,3,13,7,1678,28,62,1,72828.0
86,1,3,0,3,7,58,7,42,0,24711.0
54,1,3,1,4,5,170,9,49,1,45503.0
2,0,1,0,1,17,373,2,42,0,6560.0
3,1,8,3,5,4,1196,17,79,0,71604.0
84,2,2,2,2,7,101,8,45,1,27244.0
8,5,6,1,5,9,316,17,55,2,48752.0
4,3,7,4,7,4,1400,21,62,1,71434.0
57,1,4,9,13,1,1424,27,76,0,90842.0
24,1,6,5,8,9,844,20,46,1,88097.0
51,2,5,2,4,5,311,13,49,1,51948.0
29,1,2,8,6,1,1149,17,42,0,71853.0
13,1,3,1,3,6,129,8,41,0,35876.0
23,1,1,0,3,6,32,5,72,1,40049.0
36,3,7,1,3,9,299,14,42,1,39660.0
88,1,5,1,6,6,320,13,62,1,50127.0
2,3,5,2,6,5,441,16,47,1,43263.0
3,11,3,4,10,8,1178,28,75,2,62845.0
15,1,1,0,4,6,85,6,34,0,18929.0
58,1,1,0,2,9,24,4,42,1,24367.0
27,1,1,0,3,6,30,5,65,1,26887.0
12,3,10,4,7,6,800,24,48,1,62061.0
91,1,4,8,10,2,1483,23,68,0,76542.0
12,1,6,6,4,2,1258,17,31,0,70515.0
21,1,0,1,2,8,28,4,37,1,18227.0
23,1,4,1,5,4,227,11,59,1,69139.0
10,1,6,6,7,4,1555,20,42,0,69109.0
35,2,8,2,11,5,861,23,62,1,69627.0
69,2,3,1,2,8,103,8,46,1,38136.0
68,1,6,2,10,4,634,19,78,0,62159.0
85,1,5,8,5,2,1918,19,61,0,80695.0
34,3,2,1,4,6,131,10,53,2,33316.0
55,6,8,2,6,7,586,22,56,2,58554.0
10,2,2,1,2,8,62,7,32,1,17256.0
30,8,6,1,7,8,447,22,50,2,53034.0
36,1,8,7,11,6,939,27,74,0,52203.0
14,4,2,2,7,8,797,15,47,1,59601.0
79,1,6,3,6,3,1143,16,66,1,75154.0
52,3,6,3,5,6,415,17,48,1,47025.0
97,1,1,0,3,8,30,5,51,1,37971.0
0,1,3,2,5,2,251,11,66,1,67267.0
96,2,4,1,5,5,237,12,49,1,57338.0
89,2,2,0,4,6,91,8,64,2,50523.0
98,6,4,5,7,6,493,22,64,1,50611.0
72,5,8,4,11,6,971,28,55,1,56242.0
1,4,7,2,4,8,371,17,64,1,48904.0
26,6,4,2,8,5,396,20,49,3,56243.0
5,2,2,1,2,6,68,7,39,1,21355.0
22,3,5,1,6,7,322,15,53,1,57420.0
39,2,4,2,6,5,317,14,54,1,52350.90044356826
56,1,4,2,3,7,222,10,69,1,46390.0
74,4,3,1,4,6,177,12,68,2,54342.0
87,1,1,0,3,5,45,5,66,2,52350.90044356826
49,1,1,0,2,7,21,4,60,2,52350.90044356826
24,1,2,0,3,9,45,6,51,1,20895.0
9,0,5,10,5,1,1899,20,76,0,92344.0
17,1,1,0,3,7,42,5,52,1,52350.90044356826
35,1,1,0,3,8,41,5,44,2,44964.0
7,6,4,4,3,5,325,17,52,2,53761.0
51,3,2,1,4,4,95,10,51,1,22682.0
17,1,1,0,3,7,42,5,52,1,38887.0
30,2,1,1,2,4,72,6,49,2,41658.0
21,2,2,0,3,5,20,7,52,1,29791.0
2,2,6,3,12,5,789,23,68,2,63915.0
85,1,1,0,2,6,15,4,50,2,39996.0
65,2,2,1,3,6,59,8,52,1,26759.0
11,2,6,2,4,7,417,14,55,2,51039.0
92,4,5,1,5,6,289,15,63,2,60544.0
4,2,4,1,3,7,188,10,71,1,37716.0
53,3,5,2,4,8,354,14,67,1,36864.0
39,6,8,4,8,8,727,26,54,1,44511.0
49,4,3,0,4,9,146,11,57,2,36947.0
40,2,7,5,8,4,794,22,71,1,67087.0
40,3,4,2,9,3,454,18,74,1,57045.0
43,4,3,2,2,9,152,11,71,2,36957.0
17,1,7,2,12,4,797,22,47,1,69389.0
84,1,1,0,2,7,20,4,55,2,43142.0
25,1,5,10,5,1,1428,21,80,0,80589.0
62,3,5,0,3,9,209,11,34,1,34412.0
83,4,4,3,8,4,545,19,45,1,57537.0
45,1,2,2,5,2,222,10,76,0,51315.0
34,2,2,0,3,6,61,7,52,3,36026.0
3,3,2,0,4,6,44,9,51,2,24639.0
1,1,1,0,2,6,8,4,52,3,34578.0
18,1,2,10,10,1,817,23,52,0,65704.0
81,1,1,0,3,7,42,5,55,1,54132.0
23,3,2,0,4,7,78,9,54,1,28164.0
48,1,1,0,2,8,23,4,50,1,34596.0
61,1,1,0,2,8,19,4,52,1,43269.0
60,2,2,0,3,7,61,7,66,2,38741.0
75,1,6,1,6,7,449,14,52,0,31907.0
54,1,1,0,3,6,38,5,51,1,31163.0
84,1,6,5,11,2,1131,23,39,0,92533.0
75,2,2,0,3,6,34,7,51,2,34853.0
16,5,6,1,5,7,294,17,57,2,70844.0
79,2,1,1,2,8,48,6,45,2,31086.0
16,1,0,1,2,7,30,4,38,0,20491.0
96,1,1,1,4,2,125,7,60,0,42523.0
60,3,2,1,3,8,70,9,72,2,33402.0
11,1,1,0,2,6,22,4,75,2,36408.0
75,3,3,0,3,9,65,9,45,1,21645.0
36,3,3,7,10,3,1930,23,76,0,78427.0
71,1,7,5,10,4,2283,23,78,0,82657.0
88,1,2,2,8,1,310,13,66,0,51876.0
93,1,4,4,9,2,1319,18,53,0,78041.0
93,4,10,7,5,8,879,26,67,1,52852.0
54,1,4,4,8,2,1244,17,42,0,70038.0
41,4,4,4,5,2,690,17,51,1,69401.0
46,3,3,2,4,5,209,12,52,1,46053.0
28,1,3,4,9,1,1134,17,59,0,77343.0
40,1,3,11,8,1,1507,23,71,0,73892.0
82,1,2,0,3,7,57,6,57,1,40304.0
38,2,7,3,5,8,529,17,59,0,32727.0
87,3,4,0,4,8,180,11,53,1,43300.0
49,4,2,0,4,6,77,10,52,2,26290.0
16,0,6,7,12,2,2349,25,54,0,93790.0
65,2,5,2,9,6,534,18,50,0,38410.0
9,4,7,3,7,5,556,21,74,1,64866.0
24,7,4,6,8,3,637,25,65,1,57957.0
43,3,3,0,3,7,44,9,46,1,16531.0
10,1,1,0,3,7,47,5,38,1,28072.0
29,4,2,11,5,2,795,22,61,1,49476.0
45,4,8,1,8,8,586,21,71,1,50725.0
20,1,0,0,3,3,13,4,74,2,41145.0
29,4,9,4,8,5,1471,25,54,1,67419.0
82,3,1,1,3,6,65,8,54,2,23162.0
68,4,4,1,3,8,175,12,47,1,34380.0
65,1,1,0,3,5,40,5,58,1,34704.0
99,1,8,5,4,7,1078,18,55,2,94871.0
9,2,6,6,7,4,1115,21,66,1,65148.0
20,2,3,0,4,7,134,9,70,1,39898.0
26,1,2,1,3,3,87,7,54,1,59892.0
68,1,3,2,4,3,217,10,37,0,41020.0
79,2,7,5,13,5,1034,27,63,1,57072.0
32,1,1,0,3,8,32,5,43,1,19414.0
49,2,1,0,3,7,46,6,44,1,19107.0
50,2,7,3,6,4,1159,18,48,1,75484.0
84,3,6,3,13,4,860,25,48,1,70379.0
96,1,4,6,4,2,1631,15,54,0,79419.0
56,7,8,2,5,7,444,22,78,3,64014.0
85,2,11,8,8,6,1910,29,69,1,76998.0
63,5,6,2,5,6,380,18,52,1,49854.0
17,10,7,4,9,5,736,30,53,2,60585.0
11,4,6,1,4,8,269,15,74,2,42873.0
62,1,7,11,10,4,2524,29,36,0,87679.0
48,7,7,2,9,6,612,25,46,1,57867.0
86,2,2,0,4,6,75,8,34,1,35765.0
73,2,4,7,13,2,1045,26,65,0,65492.0
36,1,2,0,3,7,55,6,47,1,32952.0
34,6,4,2,9,9,1064,21,55,1,53374.0
16,4,9,5,7,5,1443,25,65,1,71706.0
48,1,9,7,13,4,1366,30,36,0,68487.0
61,7,4,3,5,5,436,19,49,2,53253.0
56,6,7,1,6,8,436,20,47,1,42014.0
74,13,8,2,9,8,747,32,51,2,54108.0
35,2,5,10,5,8,1396,22,69,0,49667.0
65,1,4,3,6,2,928,14,50,0,63206.0
48,9,5,2,10,6,642,26,52,2,57136.0
88,6,11,8,5,8,1048,30,49,1,46772.0
19,1,2,8,13,1,943,24,53,0,78931.0
21,5,5,5,12,5,907,27,66,1,53977.0
92,3,10,4,9,7,1658,26,59,1,73538.0
1,1,4,8,9,2,1638,22,38,0,79529.0
14,1,3,1,2,8,73,7,47,0,20981.0
74,2,4,2,4,5,275,12,44,1,51766.0
84,5,10,3,8,8,854,26,62,1,55759.0
50,1,3,0,3,8,106,7,52,1,37787.0
2,2,2,0,3,9,106,7,54,1,27242.0
73,1,10,2,6,3,1923,19,41,0,87188.0
21,1,4,5,12,3,1662,22,53,0,69930.0
82,1,2,1,3,6,84,7,48,1,37697.0
56,0,0,0,0,14,5,0,51,1,3502.0
20,12,7,4,9,7,733,32,48,2,58597.0
54,0,4,6,7,1,1234,17,76,0,82032.0
77,3,2,2,2,7,112,9,66,2,28087.0
5,1,4,6,4,3,1658,15,37,0,74004.0
65,2,1,1,3,5,55,7,64,1,19740.0
33,4,6,3,13,9,1513,26,49,1,57036.0
65,6,5,1,5,7,271,17,66,2,53083.0
41,4,7,3,13,5,904,27,49,1,69283.0
86,4,3,2,2,8,120,11,49,2,46098.0
92,2,3,0,3,8,103,8,36,1,23331.0
97,6,5,1,5,9,269,17,36,1,23331.0
91,1,1,1,2,8,22,5,35,1,9255.0
0,1,3,6,6,1,1156,16,65,0,67786.0
59,3,3,4,9,8,1086,19,53,1,71969.0
4,3,11,2,12,7,1128,28,57,1,59235.0
5,2,3,0,4,7,72,9,35,1,31928.0
48,4,9,2,12,5,964,27,63,2,74881.0
99,1,5,4,10,3,1383,20,46,0,65819.0
81,1,0,0,3,5,18,4,71,3,51411.0
95,3,9,2,10,7,793,24,60,1,51983.0
5,1,2,0,3,6,80,6,37,0,30390.0
50,1,4,0,3,8,167,8,61,0,30983.0
76,2,8,3,7,7,677,20,67,1,66033.0
46,1,0,0,3,6,23,4,49,2,37284.0
68,1,1,1,4,1,92,7,73,1,57530.0
33,1,4,4,7,1,641,16,59,0,76800.0
50,1,6,4,6,5,1106,17,68,1,63943.0
89,2,1,0,3,7,25,6,57,2,37054.0
81,7,4,2,4,8,240,17,62,2,47175.0
77,1,1,0,2,7,20,4,48,1,31859.0
50,4,2,1,4,6,102,11,63,3,27215.0
10,3,7,3,13,5,1034,26,48,1,70179.0
16,1,1,0,2,8,17,4,36,1,24645.0
12,1,5,10,5,1,792,21,70,1,79865.0
30,2,3,0,3,8,92,8,39,1,44322.0
8,2,6,3,5,5,407,16,72,1,47958.0
93,4,5,4,10,4,1269,23,60,1,63972.0
14,2,5,4,12,2,841,23,70,1,75315.0
53,5,11,1,6,9,633,23,74,2,55517.0
26,11,6,3,5,4,1019,25,67,3,75283.0
29,1,3,4,10,1,2525,18,33,0,90638.0
41,1,1,0,3,7,52,5,38,1,27161.0
19,4,5,1,5,8,268,15,64,1,38201.0
4,1,3,1,3,6,147,8,42,2,45203.0
89,1,4,5,8,1,1798,18,77,0,81574.0
81,1,7,2,7,7,507,17,48,1,60482.0
31,1,1,0,2,6,15,4,68,3,34633.0
53,1,4,7,5,1,1105,17,77,0,78093.0
78,1,5,3,6,1,974,15,74,0,82460.0
80,2,2,1,3,4,66,8,58,1,45903.0
18,1,3,10,13,1,778,27,37,0,81361.0
37,2,1,1,2,5,49,6,51,2,35860.0
52,4,3,1,4,7,169,12,72,2,40442.0
39,1,3,2,6,2,299,12,59,0,61482.0
11,7,3,2,5,7,221,17,44,1,34968.0
33,1,7,5,12,3,1682,25,37,0,75794.0
83,1,4,3,5,2,892,13,69,0,74268.0
43,1,2,0,2,9,58,5,36,1,13724.0
54,1,2,0,4,3,95,7,57,1,52569.0
3,5,7,1,6,8,424,19,51,1,48432.0
68,3,7,1,4,9,339,15,40,1,36108.0
2,1,2,5,13,6,1410,21,53,1,76445.0
40,1,1,1,3,2,35,6,49,1,36663.0
64,4,8,5,3,7,562,20,59,1,53843.0
26,1,4,7,12,2,2352,24,68,0,90226.0
69,1,4,5,10,3,1334,20,69,0,70638.0
57,2,1,0,3,4,32,6,64,2,44512.0
78,2,2,0,3,7,41,7,63,2,27116.0
71,1,2,0,2,8,39,5,61,2,54072.0
59,4,5,5,11,3,1141,25,47,1,71855.0
28,5,10,5,4,9,710,24,34,1,51250.0
61,5,7,2,5,6,401,19,51,1,60432.0
38,1,2,0,3,9,57,6,46,0,12393.0
19,1,6,3,9,4,1722,19,34,0,64509.0
92,4,5,1,5,8,270,15,49,1,33955.0
24,2,1,1,2,8,31,6,47,2,31353.0
21,3,5,3,13,4,882,24,40,1,55434.0
35,1,1,0,2,7,16,4,41,1,28359.0
9,2,3,2,7,3,311,14,37,1,57100.0
92,7,9,6,9,8,1152,31,68,1,52973.0
55,1,3,0,4,7,122,8,59,1,51717.0
14,3,2,0,4,8,77,9,53,1,18793.0
64,9,8,1,6,9,561,24,65,2,50664.0
49,4,3,1,5,4,211,13,61,2,54414.0
8,2,5,1,4,7,233,12,72,1,54549.0
35,6,3,2,10,9,1092,21,53,1,47111.0
11,1,6,2,8,6,601,17,61,0,41003.0
8,3,4,1,2,7,54,10,42,1,19444.0
53,1,3,0,3,7,78,7,48,1,36301.0
64,3,4,1,5,5,244,13,55,1,42731.0
43,2,2,1,4,5,116,9,65,2,52854.0
40,1,1,0,2,8,15,4,46,1,22775.0
11,6,11,2,7,8,734,26,69,1,59821.0
21,2,8,2,7,7,638,19,70,1,50002.0
23,1,3,6,12,1,894,22,79,0,69755.0
17,2,2,0,3,5,41,7,55,2,44078.0
6,1,1,0,3,7,31,5,48,1,30560.0
56,1,1,0,3,5,34,5,55,2,35924.0
71,5,2,5,6,5,1750,18,60,2,64140.0
51,8,9,1,7,9,612,25,43,2,56386.0
27,1,7,5,8,4,823,21,43,1,75774.0
1,1,0,0,3,4,20,4,64,0,39228.0
56,2,6,2,6,6,396,16,50,1,58494.0
71,1,5,3,12,2,813,21,43,0,58684.0
18,1,7,5,7,6,1179,20,57,0,57136.0
48,3,2,1,4,4,138,10,74,2,56551.0
86,3,2,1,3,3,55,9,42,1,22448.0
48,1,3,6,12,6,1511,22,63,0,82014.0
2,3,3,1,2,9,117,9,61,2,34213.0
13,0,0,28,0,1,1730,28,47,0,157146.0
57,2,1,0,3,6,32,6,77,1,25358.0
77,1,2,0,3,7,67,6,46,1,35544.0
0,3,5,2,5,7,335,15,70,1,36634.0
57,1,5,3,13,3,825,22,70,1,62670.0
24,6,7,4,6,6,694,23,52,1,50334.0
55,1,4,6,6,2,1792,17,43,0,72066.0
62,9,6,2,7,6,496,24,66,2,50729.0
89,4,5,1,3,9,231,13,56,2,34916.0
77,2,6,4,12,4,902,24,48,1,64892.0
45,3,3,1,2,6,68,9,58,2,43602.0
80,1,2,0,3,7,76,6,39,1,41473.0
60,1,6,3,12,4,772,22,57,2,63246.0
71,3,1,1,4,2,47,9,65,2,36732.0
49,2,4,2,5,7,265,13,39,0,37929.0
66,1,5,6,6,2,1603,18,73,0,86610.0
20,1,7,4,10,6,2091,22,38,0,80141.0
61,4,8,9,13,5,1533,34,54,1,69016.0
18,1,1,1,4,4,82,7,33,0,20193.0
45,4,5,1,4,8,244,14,49,1,27573.0
26,1,1,0,3,8,36,5,45,1,15862.0
0,2,5,1,8,7,404,16,48,1,49544.0
28,1,2,0,3,7,71,6,44,1,33228.0
49,1,5,10,7,3,1572,23,46,0,70440.0
84,4,3,1,3,5,122,11,53,2,38232.0
38,4,2,0,4,5,41,10,69,2,22554.0
53,1,0,0,3,3,10,4,41,1,23536.0
88,2,4,2,5,5,304,13,72,1,49413.0
99,1,1,0,3,5,37,5,55,2,42231.0
12,1,4,6,5,2,1754,16,44,0,78789.0
35,4,10,4,7,8,815,25,56,1,56534.0
5,4,8,3,12,6,1001,27,53,1,58350.0
45,3,7,2,9,7,688,21,73,1,49090.0
71,1,8,4,6,5,1319,19,37,0,61787.0
40,1,1,0,2,8,21,4,39,1,18169.0
82,1,1,0,2,7,31,4,43,1,24336.0
70,1,2,0,3,8,67,6,34,0,18222.0
87,2,3,3,13,2,708,21,72,1,62335.0
95,1,1,0,2,7,25,4,53,2,42033.0
72,0,4,2,5,1,746,11,41,0,86580.0
5,1,1,0,3,7,32,5,67,2,41437.0
86,2,9,6,8,5,1695,25,73,2,73705.0
80,5,8,4,11,6,1080,28,48,1,61064.0
49,3,3,0,4,7,57,10,35,1,18358.0
85,6,8,2,9,5,660,25,51,1,55012.0
7,4,3,1,3,8,103,11,51,1,9722.0
6,3,3,1,4,7,153,11,40,1,38175.0
25,4,7,8,13,6,1220,32,68,1,58656.0
55,2,5,2,4,7,279,13,59,1,52117.0
81,1,7,2,10,5,745,20,46,1,64813.0
98,1,3,3,5,3,264,12,51,1,54222.0
31,1,4,7,10,1,2157,22,38,0,83512.0
30,1,8,7,7,4,1526,23,65,1,77520.0
98,1,1,0,4,5,69,6,46,1,41154.0
92,1,5,8,12,3,1597,26,58,0,80398.0
41,2,3,0,3,6,64,8,32,1,18746.0
68,6,6,1,5,8,497,18,40,1,35196.0
78,2,6,3,6,5,1067,17,68,1,60230.0
46,2,2,0,3,7,31,7,47,2,22108.0
71,5,4,1,4,7,211,14,50,2,44392.0
6,4,7,5,9,6,877,25,48,1,55424.0
82,1,1,0,2,8,11,4,45,1,17688.0
71,1,7,5,12,3,2034,25,41,0,92491.0
32,1,5,6,7,2,1991,19,33,0,90273.0
28,0,6,5,13,2,1686,24,62,0,82571.0
20,5,6,1,5,8,324,17,42,1,38513.0
10,3,2,1,3,6,69,9,45,1,16653.0
7,5,4,1,6,8,252,16,69,2,42586.0
67,1,1,1,2,6,54,5,59,1,23529.0
61,2,7,6,13,4,1327,28,73,1,71107.0
36,2,2,0,3,6,68,7,60,2,46910.0
90,1,1,1,2,7,55,5,69,2,37244.0
35,1,3,5,12,1,1456,21,58,0,82427.0
38,1,5,2,10,4,563,18,66,1,75342.0
46,4,7,10,5,5,1504,26,70,1,70044.0
70,1,4,5,13,1,1125,23,61,0,77437.0
51,4,6,1,6,7,358,17,65,1,54984.0
18,1,1,0,3,8,42,5,53,1,42403.0
97,2,4,1,3,6,184,10,60,1,55761.0
32,5,6,3,5,8,460,19,41,1,37292.0
9,1,3,1,3,8,145,8,79,0,45576.0
6,1,6,5,13,4,1376,25,77,0,70321.0
80,2,11,3,7,8,792,23,55,1,58086.0
74,1,4,11,7,2,1382,23,72,0,81795.0
49,1,1,0,2,7,28,4,77,0,28389.0
95,3,7,3,10,5,882,23,55,1,69901.0
56,2,4,4,5,2,2231,15,75,0,80360.0
48,3,8,3,5,6,1101,19,63,1,63342.0
3,1,1,0,3,7,48,5,44,1,31859.0
39,4,7,1,7,8,467,19,75,1,51569.0
42,4,1,1,4,3,38,10,45,2,16014.0
80,3,2,1,3,6,81,9,56,2,41120.0
9,2,5,1,2,9,167,10,53,1,39763.0
52,2,1,0,4,4,45,7,69,2,38725.0
78,3,7,4,7,5,664,21,52,1,77981.0
68,3,7,2,8,4,622,20,60,1,62905.0
45,2,2,0,3,7,48,7,45,1,13533.0
47,2,3,3,8,2,461,16,49,1,59481.0
34,1,9,7,9,5,1073,26,47,1,72117.0
81,2,2,1,3,6,55,8,38,1,21955.0
72,3,9,2,12,6,976,26,68,1,67131.0
23,1,1,0,3,5,20,5,44,1,36802.0
30,2,3,2,3,7,224,10,49,1,47808.0
15,3,3,0,3,9,101,9,50,1,25509.0
54,1,2,7,7,0,1165,17,72,0,85431.0
44,1,1,0,3,6,24,5,57,1,42664.0
59,2,5,1,5,8,269,13,47,0,28973.0
16,1,3,1,2,7,102,7,51,1,39435.0
1,1,2,3,13,1,461,19,40,0,65370.0
64,2,2,0,3,6,47,7,45,1,20194.0
72,3,2,1,4,5,144,10,48,2,42473.0
98,1,9,4,10,6,1338,24,56,0,64590.0
91,2,11,2,10,7,917,25,65,1,71232.0
8,5,5,2,5,8,318,17,53,2,34600.0
20,4,5,1,4,8,253,14,57,2,46904.0
6,5,6,3,6,6,502,20,51,1,49094.0
54,1,2,0,4,6,119,7,41,1,36075.0
72,13,2,2,12,8,1250,29,45,2,60839.0
89,1,3,9,13,1,1382,26,62,0,82122.0
69,5,3,3,3,6,255,14,72,2,34074.0
55,1,1,1,2,6,43,5,64,2,28520.0
13,1,3,2,8,3,398,14,69,1,62535.0
80,2,3,0,3,6,76,8,47,1,36273.0
97,2,6,3,4,4,902,15,60,2,63404.0
99,2,7,7,10,3,1179,26,48,1,78416.0
87,1,10,5,13,6,1921,29,50,1,75702.0
85,2,3,1,4,5,185,10,73,2,59385.0
82,2,1,1,2,7,34,6,73,2,44689.0
92,0,23,1,1,0,416,25,58,2,7144.0
2,1,4,6,6,1,1588,17,68,0,90369.0
74,1,3,5,8,3,1797,17,50,0,63159.0
71,6,4,4,7,9,1143,21,61,1,46757.0
72,1,4,3,6,1,914,14,55,0,79734.0
68,1,2,3,6,7,1502,12,32,0,63207.0
4,3,5,4,8,2,1338,20,70,1,72071.0
80,1,1,0,3,9,27,5,41,1,21840.0
15,2,9,2,9,5,763,22,42,1,58582.0
70,1,5,7,9,7,1331,22,73,0,72282.0
91,3,6,2,8,5,525,19,68,2,50387.0
10,1,1,0,2,7,9,4,63,2,32583.0
99,3,5,3,5,4,953,16,62,1,62568.0
25,2,2,0,3,7,68,7,53,2,44635.0
57,3,4,4,12,2,882,23,56,1,63967.0
84,2,9,5,9,7,1149,25,46,0,52513.0
51,1,1,1,2,8,37,5,55,1,25293.0
97,2,5,2,6,5,388,15,59,1,54111.0
13,1,4,6,5,2,1428,16,38,0,78394.0
92,1,3,11,9,1,1633,24,66,0,80739.0
30,3,4,1,2,9,173,10,49,1,22669.0
30,2,4,0,3,9,99,9,37,1,29236.0
11,3,4,1,4,7,215,12,65,1,44911.0
72,8,6,4,13,6,929,31,62,1,54693.0
39,3,4,1,4,7,219,12,50,1,48186.0
0,4,2,1,5,4,174,12,47,2,54809.0
15,3,2,1,3,5,92,9,46,2,41580.0
12,1,2,9,13,1,1052,25,54,0,80336.0
56,3,4,1,6,6,275,14,67,1,47743.0
39,2,7,4,3,6,587,16,69,1,62972.0
55,11,8,5,9,6,1662,33,70,1,57333.0
60,3,4,0,4,9,159,11,42,1,32313.0
73,1,3,10,4,2,1024,18,71,0,84953.0
90,2,2,0,3,6,35,7,56,1,27071.0
86,1,4,4,6,2,1042,15,67,0,68148.0
37,5,6,2,6,7,395,19,59,2,65735.0
7,1,6,10,6,5,557,23,49,0,86836.0
29,15,0,0,0,19,9,15,61,2,4023.0
19,1,2,0,3,7,69,6,34,0,30093.0
14,3,8,1,6,6,486,18,58,1,57705.0
72,2,1,0,3,8,34,6,36,1,25008.0
56,1,5,10,12,6,1365,28,29,0,83257.0
85,1,1,0,2,8,13,4,49,1,22280.0
62,1,4,6,10,2,1401,21,46,0,72159.0
1,1,4,5,4,3,1574,14,63,0,64260.0
28,1,8,4,7,4,1323,20,40,0,82733.0
70,4,10,8,10,6,1217,32,53,1,74290.0
84,1,2,0,4,6,103,7,73,3,58217.0
89,1,2,0,4,7,84,7,48,0,21024.0
73,1,2,8,12,1,1536,23,52,0,70116.0
42,2,8,1,7,7,581,18,39,1,54006.0
16,1,5,3,5,3,928,14,58,1,69063.0
16,1,1,0,2,6,14,4,49,0,11448.0
65,1,5,4,4,2,960,14,53,1,70886.0
13,11,8,3,7,7,656,29,51,2,60208.0
78,3,2,1,3,5,55,9,56,2,32889.0
51,1,1,0,3,6,20,5,40,1,34738.0
27,4,9,0,4,10,367,17,53,1,30538.0
30,1,5,10,6,2,2257,22,47,0,82326.0
71,2,2,0,3,6,42,7,57,1,26642.0
97,2,7,6,11,4,1049,26,60,1,69932.0
83,2,2,0,3,6,48,7,52,2,44503.0
3,6,6,2,11,6,685,25,76,1,60200.0
71,1,1,0,3,2,39,5,72,1,49638.0
3,1,1,0,3,7,43,5,37,0,23830.0
15,3,9,1,8,9,835,21,65,0,33051.0
52,1,3,7,9,1,1515,20,66,0,72905.0
8,2,7,7,10,4,1039,26,73,1,69702.0
89,3,5,5,13,8,1596,26,49,1,70300.0
66,1,5,8,4,6,1828,18,40,0,70643.0
22,2,1,1,2,7,34,6,55,1,30396.0
56,2,4,0,4,7,149,10,56,1,50616.0
74,1,5,6,11,2,946,23,55,1,62772.0
48,1,1,1,3,3,28,6,39,0,30298.0
67,2,7,1,7,7,450,17,40,1,52413.0
24,1,1,1,2,4,46,5,67,2,44155.0
67,1,5,5,5,2,1702,16,53,0,86979.0
38,4,9,5,7,5,820,25,49,2,76532.0
86,2,6,3,4,6,382,15,42,1,42081.0
87,1,4,7,8,1,2069,20,35,0,88420.0
62,2,2,0,3,8,72,7,39,1,31158.0
23,8,10,4,6,8,732,28,56,1,61671.0
99,1,2,3,5,1,801,11,50,0,69719.0
29,2,3,1,6,6,236,12,75,1,49160.0
90,1,4,6,4,1,1685,15,70,0,90933.0
9,0,27,0,0,1,277,27,79,0,113734.0
16,1,1,0,3,7,49,5,41,0,22148.0
94,1,4,4,6,2,397,15,37,0,73395.0
77,3,3,0,3,6,39,9,53,1,29819.0
20,2,3,1,8,4,306,14,56,1,45688.0
81,4,6,11,7,5,1028,28,53,1,60491.0
71,1,3,0,3,7,70,7,38,1,33235.0
36,1,1,0,3,6,46,5,65,0,35701.0
95,1,1,1,2,7,51,5,44,1,31535.0
32,0,3,5,13,0,1263,21,64,0,92556.0
32,2,7,8,5,5,1490,22,54,1,67384.0
93,3,5,5,5,8,1815,18,57,1,77870.0
24,6,10,5,10,8,1198,31,61,1,52278.0
44,7,4,4,8,8,416,23,56,1,57107.0
82,2,3,0,3,6,47,8,43,1,36038.0
72,1,1,0,2,7,21,4,59,2,34230.0
7,1,1,0,4,3,70,6,47,1,31878.0
57,2,6,2,12,3,909,22,52,1,70932.0
84,0,7,9,6,4,1676,22,68,0,91249.0
53,1,7,5,13,3,1735,26,81,0,77598.0
48,3,11,5,11,5,1191,30,65,2,80982.0
2,1,1,0,3,5,24,5,47,1,22701.0
45,1,3,3,7,2,1280,14,54,0,70617.0
42,1,9,3,6,5,1336,19,67,0,64849.0
29,5,9,3,7,7,749,24,59,2,62694.0
83,1,2,0,4,5,91,7,50,2,61917.0
93,2,4,2,7,3,414,15,77,1,67472.0
40,3,3,0,3,6,44,9,42,1,21059.0
47,2,3,1,2,7,63,8,56,2,29543.0
50,2,6,6,9,3,901,23,73,1,75903.0
40,2,1,0,3,7,38,6,49,2,34984.0
3,5,4,2,9,4,455,20,68,1,54998.0
62,3,11,2,8,8,775,24,75,1,54356.0
25,1,0,0,3,5,15,4,65,1,34242.0
48,1,1,0,4,4,38,6,51,1,25410.0
56,1,5,11,5,2,1512,22,40,0,73356.0
68,1,1,0,3,8,43,5,74,1,28320.0
64,1,1,0,3,7,42,5,47,1,23763.0
67,1,4,6,12,1,1089,23,40,0,72570.0
94,2,2,2,3,7,162,9,48,1,34529.0
82,2,3,4,10,3,1272,19,73,0,70792.0
3,2,3,8,7,2,1173,20,42,0,63211.0
24,1,4,7,10,1,816,22,50,1,83891.0
54,3,3,0,3,8,74,9,56,2,36065.0
96,1,3,1,4,5,157,9,81,0,51141.0
19,2,3,3,10,3,561,18,48,1,56939.0
60,1,4,4,10,1,1336,19,73,0,80872.0
2,1,10,4,8,8,2092,23,48,0,72335.0
13,1,4,2,9,4,463,16,60,0,61798.0
37,1,1,8,7,0,1130,17,74,0,76842.0
59,1,1,0,3,6,20,5,48,1,29478.0
55,5,5,3,5,7,377,18,68,1,46998.0
60,1,6,11,10,2,1544,28,34,0,96843.0
38,3,8,5,10,5,1012,26,59,1,70053.0
8,1,5,3,6,6,1766,15,62,0,71670.0
19,3,2,0,4,3,45,9,46,2,44359.0
32,3,3,1,3,9,161,10,72,2,40887.0
27,1,3,0,4,7,144,8,58,1,48877.0
58,1,6,7,12,3,1734,26,77,0,74485.0
59,2,8,2,10,5,823,22,52,1,64474.0
29,2,6,8,12,3,1138,28,61,1,77226.0
60,1,3,10,7,2,1429,21,75,0,72643.0
41,1,3,6,11,1,1371,21,46,0,85738.0
27,2,6,3,5,4,982,16,58,1,55686.0
28,1,1,0,3,4,44,5,41,1,39062.0
18,2,6,3,5,7,434,16,49,1,40794.0
0,0,25,0,0,1,359,25,55,1,4428.0
32,2,4,4,8,5,576,18,61,0,32632.0
2,4,3,0,4,7,88,11,56,2,38236.0
16,1,2,1,2,8,63,6,45,1,36781.0
56,1,1,0,2,8,27,4,40,1,31385.0
97,3,4,0,4,9,193,11,40,1,24570.0
35,0,5,7,9,1,2211,21,73,0,94642.0
3,1,2,1,4,4,140,8,62,1,58646.0
49,8,6,3,5,7,415,22,49,2,53201.0
45,6,4,1,5,7,263,16,46,2,57113.0
37,1,3,5,3,4,393,12,33,0,51373.0
39,3,3,0,4,8,147,10,38,1,23477.0
38,2,3,3,8,2,443,16,68,1,58116.0
8,1,5,5,8,3,1958,19,61,0,72968.0
89,2,3,1,4,7,174,10,53,1,39791.0
47,0,9,7,11,3,2217,27,77,0,91712.0
75,1,5,5,5,5,1691,16,66,1,94472.0
86,2,1,0,3,8,25,6,64,2,13672.0
4,0,7,6,8,2,809,21,44,0,96547.0
73,1,6,5,4,4,895,16,49,0,79205.0
46,3,4,3,8,4,484,18,49,1,56559.0
38,4,7,1,6,8,413,18,51,1,32644.0
73,1,4,1,6,3,331,12,44,1,67506.0
66,1,1,0,3,6,25,5,54,1,24206.0
36,1,1,0,2,6,13,4,57,1,28420.0
29,3,3,2,2,8,115,10,54,1,22979.0
29,1,0,0,3,3,16,4,58,0,33279.0
97,2,2,0,3,8,52,7,47,1,30368.0
61,3,8,4,8,5,1464,23,54,1,63684.0
68,4,5,5,3,8,441,17,60,1,41638.0
73,1,3,1,7,2,283,12,65,1,68805.0
90,3,8,2,10,5,747,23,58,1,65814.0
81,1,5,6,5,3,1870,17,66,0,71964.0
1,3,4,0,4,8,165,11,38,1,39146.0
79,1,7,7,9,2,1941,24,47,0,96876.0
92,6,11,2,8,9,839,27,43,0,34445.0
31,1,2,9,13,5,1655,25,66,0,68281.0
14,1,2,1,2,9,66,6,41,0,36790.0
89,3,2,0,3,8,37,8,57,2,27943.0
31,2,1,0,3,6,21,6,73,2,22263.0
75,1,0,0,3,8,22,4,52,3,30261.0
42,3,2,0,4,6,78,9,46,1,28587.0
53,1,2,0,3,6,79,6,42,1,43815.0
53,6,4,2,5,6,265,17,68,2,48195.0
23,2,8,3,6,4,1175,19,72,1,77027.0
57,2,8,5,13,4,1305,28,59,1,71322.0
49,2,2,0,4,5,46,8,45,1,32765.0
29,1,1,0,3,4,46,5,71,0,23272.0
5,4,10,5,7,8,874,26,75,1,49912.0
98,4,2,1,3,9,100,10,39,1,7500.0
80,2,11,8,4,6,930,25,77,1,68117.0
4,3,7,2,11,5,868,23,69,1,67225.0
70,3,3,0,3,8,45,9,48,1,17649.0
32,4,11,6,8,7,1260,29,49,1,55914.0
82,1,6,2,3,8,414,12,40,1,40059.0
27,2,3,3,7,2,392,15,74,1,60905.0
94,4,10,3,12,6,1109,29,47,2,75330.0
23,4,4,4,10,3,639,22,73,1,60689.0
97,1,2,0,3,7,79,6,40,1,38680.0
25,1,10,3,10,6,1665,24,42,0,61416.0
92,1,5,4,8,4,692,18,33,0,49767.0
98,10,4,6,9,7,1392,29,54,3,83273.0
19,2,2,0,3,6,44,7,43,1,29009.0
80,1,2,0,3,5,50,6,45,1,45057.0
80,8,4,3,6,7,467,21,53,1,37150.0
79,3,4,1,4,6,223,12,54,1,43020.0
50,1,3,1,4,4,158,9,65,1,53154.0
60,1,7,8,12,4,1211,28,51,0,65308.0
44,2,2,5,5,6,1575,14,54,1,76467.0
0,1,5,6,10,1,1208,22,77,0,81044.0
28,1,1,0,3,4,43,5,73,2,32871.0
35,6,7,2,6,7,527,21,49,2,55801.0
49,2,6,3,4,2,932,15,65,1,76320.0
46,2,3,0,3,8,71,8,69,2,36927.0
97,1,1,0,3,4,54,5,71,2,48794.0
51,1,3,0,3,8,129,7,59,0,23478.0
80,3,2,10,12,7,1615,27,51,1,71128.0
29,2,9,2,12,7,1088,25,74,1,59462.0
52,7,4,10,4,3,721,25,55,2,52350.90044356826
82,2,3,0,3,6,47,8,43,1,52350.90044356826
93,2,2,0,3,4,41,7,46,2,42554.0
92,2,4,5,4,2,993,15,73,1,67046.0
40,1,2,1,3,4,100,7,76,0,42192.0
70,2,4,7,4,7,1680,17,72,1,77610.0
96,2,3,0,4,5,98,9,40,1,31761.0
81,1,1,0,3,7,48,5,45,1,34350.0
63,3,6,2,8,5,519,19,75,1,54591.0
85,1,6,3,10,3,715,20,68,1,71866.0
95,1,9,6,5,5,1455,21,41,0,69520.0
11,2,5,5,7,4,602,19,54,1,64713.0
42,1,1,1,2,6,26,5,47,1,27889.0
77,1,2,1,3,5,102,7,64,0,22123.0
82,4,2,1,3,8,97,10,53,2,52350.90044356826
83,2,4,1,4,6,207,11,70,1,52350.90044356826
40,2,3,0,4,8,176,9,51,1,27803.0
95,3,6,1,5,7,450,15,69,1,52350.90044356826
32,4,6,2,5,8,433,17,64,1,51651.0
75,1,5,5,11,1,1564,22,81,0,52350.90044356826
61,1,4,6,7,2,961,18,32,0,87000.0
6,1,6,9,7,2,1518,23,65,1,79823.0
16,2,1,1,4,3,56,8,44,1,30828.0
39,1,0,0,3,4,22,4,53,1,34109.0
2,7,5,1,8,7,400,21,50,2,53367.0
49,1,1,0,2,7,26,4,55,0,22390.0
31,1,4,1,7,2,350,13,48,1,71322.0
90,1,1,0,3,5,40,5,74,2,48699.0
47,1,3,7,8,1,1367,19,49,0,80144.0
25,5,4,1,5,6,264,15,68,2,54252.0
60,2,4,4,10,6,2053,20,48,1,81929.0
67,1,2,3,4,6,1376,10,49,1,76068.0
40,1,1,0,3,4,45,5,48,2,53204.0
1,2,1,0,3,9,51,6,40,1,14796.0
89,2,8,4,6,3,1264,20,50,1,78128.0
40,1,2,0,4,6,75,7,52,0,14188.0
1,2,7,2,8,5,497,19,54,1,72967.0
24,3,5,1,4,7,266,13,75,1,48150.0
89,1,5,3,12,2,2006,21,63,0,82332.0
48,6,8,2,7,7,615,23,69,2,58275.0
31,1,7,3,13,6,1021,24,43,0,44953.0
68,2,1,0,3,4,22,6,71,2,34587.0
46,1,2,2,2,5,133,7,50,1,43018.0
92,5,7,1,6,7,437,19,70,1,45736.0
80,2,6,8,10,4,1013,26,55,1,66476.0
16,2,2,0,3,7,57,7,43,1,27733.0
50,2,6,8,11,2,1038,27,72,1,69805.0
93,1,3,10,8,2,1573,22,62,0,72217.0
51,1,0,1,2,7,28,4,53,1,25818.0
24,2,3,0,4,7,123,9,48,1,37509.0
79,1,1,0,2,7,13,4,48,2,25176.0
26,3,3,0,4,8,132,10,44,1,43586.0
86,4,5,2,12,5,732,23,68,1,53230.0
68,2,1,0,4,5,66,7,67,2,50116.0
60,1,4,3,10,2,1822,18,38,0,82333.0
3,4,8,4,7,6,1282,23,59,0,65220.0
65,1,1,0,2,7,8,4,50,3,33590.0
64,1,5,6,8,3,1931,20,48,0,72309.0
85,0,0,0,0,0,8,0,75,0,156924.0
69,3,2,1,2,8,103,8,44,1,16005.0
21,1,8,2,4,7,395,15,59,1,58692.0
30,5,3,4,3,6,258,15,55,2,40590.0
76,1,2,2,5,2,185,10,70,1,62637.0
11,4,3,2,2,9,180,11,58,2,29435.0
26,1,1,0,3,8,22,5,50,1,19346.0
34,2,2,0,3,6,44,7,53,2,35788.0
72,5,2,1,4,5,94,12,56,2,36997.0
13,1,2,0,4,6,81,7,67,0,23539.0
58,7,9,4,8,6,798,28,51,1,65333.0
12,1,11,3,4,4,1334,19,67,0,78499.0
23,1,2,0,2,9,38,5,53,1,29732.0
33,4,3,1,3,5,61,11,64,3,41275.0
30,4,4,1,7,5,300,16,51,2,63516.0
15,2,1,1,4,4,88,8,62,1,42769.0
25,2,2,0,3,7,54,7,66,2,49572.0
4,2,5,3,6,4,1782,16,52,0,69209.0
80,4,3,1,3,8,68,11,48,1,17148.0
16,2,2,0,4,6,66,8,41,1,32146.0
57,5,3,1,4,6,174,13,60,2,41713.0
9,1,1,0,3,3,28,5,49,1,34176.0
59,2,7,4,9,6,731,22,69,1,58482.0
78,1,4,1,6,4,274,12,59,1,59686.0
90,3,9,10,4,6,1701,26,60,1,60896.0
74,1,6,2,4,6,312,13,44,1,62994.0
10,6,5,1,8,6,414,20,67,1,47320.0
63,1,6,5,11,3,1565,23,75,0,74859.0
13,2,1,0,3,7,29,6,32,1,15253.0
98,2,2,1,3,8,94,8,50,1,31560.0
94,0,4,3,7,3,1092,14,34,0,91172.0
91,1,4,8,5,1,1479,18,40,0,90000.0
66,1,1,0,3,4,54,5,43,2,41967.0
14,1,9,1,7,6,568,18,59,1,69263.0
77,1,11,3,12,7,1199,27,54,0,65706.0
41,2,6,4,11,4,873,23,49,1,60934.0
21,3,6,3,5,3,1213,17,73,1,71965.0
25,2,9,3,8,6,731,22,69,1,65210.0
2,1,5,6,7,2,2043,19,49,0,79174.0
51,1,4,2,10,2,1893,17,57,0,81380.0
32,2,7,3,3,7,575,15,53,1,52914.0
49,3,3,0,3,8,56,9,50,1,26067.0
69,4,8,2,7,8,542,21,52,1,44325.0
23,3,2,1,3,5,69,9,46,1,26487.0
18,1,1,0,3,4,40,5,67,1,53233.0
8,4,7,4,13,5,1016,28,64,1,67716.0
21,1,8,3,11,3,907,23,52,1,76234.0
60,1,7,10,6,2,1566,24,68,0,84117.0
48,3,3,5,6,2,1169,17,67,0,65487.0
36,2,1,1,3,3,46,7,52,1,25224.0
36,1,7,5,12,2,1644,25,41,0,89616.0
63,1,1,1,2,7,59,5,53,2,40851.0
2,1,0,0,3,6,17,4,77,0,27469.0
38,1,7,7,10,3,1853,25,67,0,82347.0
61,2,9,5,6,6,1528,22,67,1,73803.0
52,4,3,0,3,8,35,10,72,2,8820.0
25,1,3,0,4,7,141,8,50,0,43322.0
63,2,6,6,3,6,546,17,51,1,55593.0
10,7,5,4,4,6,500,20,70,2,50501.0
65,4,3,0,3,8,61,10,49,2,37085.0
71,2,2,2,2,8,106,8,34,1,16185.0
0,4,8,8,6,6,704,26,55,1,57731.0
88,2,5,5,11,2,849,23,46,1,73807.0
80,6,3,1,5,8,199,15,56,2,35893.0
17,4,9,3,4,7,1147,20,44,1,61014.0
76,4,2,1,3,7,54,10,70,2,32144.0
52,1,1,0,3,6,43,5,61,1,14918.0
28,2,1,1,2,4,53,6,61,2,45146.0
31,6,8,1,7,8,521,22,69,1,41769.0
42,1,6,2,9,2,1623,18,43,0,88325.0
24,2,2,0,3,7,45,7,74,2,38054.0
42,1,4,6,8,2,1435,19,29,0,80617.0
12,0,1,0,0,13,32,1,48,1,5305.0
88,1,1,0,2,6,16,4,70,2,36807.0
73,4,6,1,6,7,415,17,39,1,40101.0
81,3,3,2,10,4,470,18,45,1,58025.0
7,4,3,2,2,7,53,11,45,1,7500.0
33,3,2,0,4,4,51,9,61,3,33562.0
24,3,7,6,6,4,679,22,54,1,57642.0
87,8,11,1,6,8,653,26,45,2,63777.0
39,5,4,2,8,5,468,19,62,1,57967.0
53,0,0,0,1,0,1679,1,46,0,52350.90044356826
9,2,2,1,2,7,50,7,52,2,24434.0
82,3,3,1,2,9,84,9,40,1,11012.0
71,2,9,4,12,8,1049,27,54,0,44802.0
50,1,0,0,3,4,22,4,38,0,26816.0
23,4,3,1,3,6,62,11,47,1,666666.0
46,2,9,3,4,5,1341,18,57,1,61223.0
91,1,2,3,13,6,1241,19,43,0,56981.0
8,2,6,5,10,3,843,23,68,1,69245.0
40,3,3,1,4,7,172,11,70,2,52869.0
